"timestamp","cpu_load","temperature","fan_rpm","battery_level","wifi_latency","disk_health"
"2026-06-01T08:00:00","16.0","45.0","1319.0","100.0","4.49","42.0"
"2026-06-01T08:05:00","17.0","44.0","1307.0","99.9","12.39","42.0"
"2026-06-01T08:10:00","17.0","39.0","1000.0","99.8","14.33","41.99"
"2026-06-01T08:15:00","15.0","46.0","1447.0","99.7","18.97","41.99"
"2026-06-01T08:20:00","12.0","40.0","1000.0","99.6","4.59","41.99"
"2026-06-01T08:25:00","15.0","40.0","1000.0","99.5","5.18","41.98"
"2026-06-01T08:30:00","14.0","38.0","1000.0","99.4","6.21","41.98"
"2026-06-01T08:35:00","13.0","42.0","1066.0","99.3","9.17","41.98"
"2026-06-01T08:40:00","15.0","38.0","1120.0","99.2","15.68","41.98"
"2026-06-01T08:45:00","13.0","41.0","1217.0","99.1","2.67","41.97"
"2026-06-01T08:50:00","16.0","42.0","1314.0","99.1","18.76","41.97"
"2026-06-01T08:55:00","14.0","37.0","1109.0","99.0","16.29","41.97"
"2026-06-01T09:00:00","15.0","39.0","1062.0","99.0","13.7","41.96"
"2026-06-01T09:05:00","18.0","42.0","1114.0","98.8","22.22","41.96"
"2026-06-01T09:10:00","18.0","46.0","1518.0","98.7","9.12","41.96"
"2026-06-01T09:15:00","19.0","42.0","1230.0","98.6","20.01","41.95"
"2026-06-01T09:20:00","18.0","41.0","1177.0","98.6","7.86","41.95"
"2026-06-01T09:25:00","19.0","41.0","1000.0","98.4","13.56","41.95"
"2026-06-01T09:30:00","18.0","39.0","1142.0","98.4","8.56","41.95"
"2026-06-01T09:35:00","20.0","44.0","1436.0","98.3","27.82","41.94"
"2026-06-01T09:40:00","17.0","44.0","1399.0","98.2","20.06","41.94"
"2026-06-01T09:45:00","14.0","39.0","1090.0","98.2","16.91","41.94"
"2026-06-01T09:50:00","17.0","41.0","1000.0","98.1","15.3","41.93"
"2026-06-01T09:55:00","16.0","41.0","1144.0","98.1","10.27","41.93"
"2026-06-01T10:00:00","17.0","42.0","1142.0","97.9","18.18","41.93"
"2026-06-01T10:05:00","15.0","40.0","1150.0","97.8","6.65","41.92"
"2026-06-01T10:10:00","16.0","44.0","1440.0","97.7","13.25","41.92"
"2026-06-01T10:15:00","16.0","39.0","1000.0","97.6","10.35","41.92"
"2026-06-01T10:20:00","18.0","41.0","1158.0","97.6","10.58","41.92"
"2026-06-01T10:25:00","20.0","43.0","1310.0","97.5","22.58","41.91"
"2026-06-01T10:30:00","20.0","43.0","1240.0","97.4","7.81","41.91"
"2026-06-01T10:35:00","18.0","39.0","1150.0","97.3","22.4","41.91"
"2026-06-01T10:40:00","18.0","43.0","1153.0","97.2","14.83","41.9"
"2026-06-01T10:45:00","19.0","40.0","1000.0","97.1","19.81","41.9"
"2026-06-01T10:50:00","20.0","43.0","1163.0","97.1","25.67","41.9"
"2026-06-01T10:55:00","20.0","40.0","1065.0","97.0","8.3","41.9"
"2026-06-01T11:00:00","18.0","39.0","1000.0","96.9","10.86","41.89"
"2026-06-01T11:05:00","19.0","44.0","1273.0","96.8","6.22","41.89"
"2026-06-01T11:10:00","20.0","40.0","1139.0","96.7","18.03","41.89"
"2026-06-01T11:15:00","18.0","44.0","1425.0","96.6","4.86","41.88"
"2026-06-01T11:20:00","15.0","40.0","1000.0","96.5","6.15","41.88"
"2026-06-01T11:25:00","15.0","41.0","1154.0","96.4","3.07","41.88"
"2026-06-01T11:30:00","12.0","37.0","1069.0","96.3","7.85","41.87"
"2026-06-01T11:35:00","14.0","38.0","1010.0","96.2","18.29","41.87"
"2026-06-01T11:40:00","15.0","39.0","1145.0","96.1","17.61","41.87"
"2026-06-01T11:45:00","15.0","43.0","1369.0","96.1","4.04","41.87"
"2026-06-01T11:50:00","14.0","39.0","1000.0","96.0","19.05","41.86"
"2026-06-01T11:55:00","16.0","42.0","1132.0","95.9","19.73","41.86"
"2026-06-01T12:00:00","13.0","41.0","1169.0","95.8","16.33","41.86"
"2026-06-01T12:05:00","11.0","36.0","1000.0","95.6","2.28","41.85"
"2026-06-01T12:10:00","21.0","45.0","1478.0","95.6","18.49","41.85"
"2026-06-01T12:15:00","30.0","50.0","1832.0","95.4","33.63","41.85"
"2026-06-01T12:20:00","37.0","55.0","2230.0","95.3","25.01","41.84"
"2026-06-01T12:25:00","38.0","53.0","2198.0","95.2","35.8","41.84"
"2026-06-01T12:30:00","41.0","56.0","2335.0","95.1","25.7","41.84"
"2026-06-01T12:35:00","36.0","56.0","2474.0","95.0","46.24","41.84"
"2026-06-01T12:40:00","39.0","49.0","1797.0","95.0","48.57","41.83"
"2026-06-01T12:45:00","39.0","52.0","1982.0","94.9","13.64","41.83"
"2026-06-01T12:50:00","39.0","53.0","2079.0","94.8","43.68","41.83"
"2026-06-01T12:55:00","39.0","54.0","2404.0","94.7","35.05","41.82"
"2026-06-01T13:00:00","36.0","52.0","2140.0","94.6","40.5","41.82"
"2026-06-01T13:05:00","34.0","49.0","1683.0","94.6","39.75","41.82"
"2026-06-01T13:10:00","38.0","51.0","1923.0","94.5","16.45","41.81"
"2026-06-01T13:15:00","35.0","51.0","2075.0","94.4","29.25","41.81"
"2026-06-01T13:20:00","40.0","50.0","1768.0","94.3","36.91","41.81"
"2026-06-01T13:25:00","41.0","57.0","2664.0","94.1","48.92","41.8"
"2026-06-01T13:30:00","43.0","52.0","1954.0","94.0","37.97","41.8"
"2026-06-01T13:35:00","39.0","55.0","2439.0","93.9","29.57","41.8"
"2026-06-01T13:40:00","43.0","56.0","2540.0","93.8","59.68","41.8"
"2026-06-01T13:45:00","38.0","53.0","2251.0","93.6","19.24","41.79"
"2026-06-01T13:50:00","41.0","52.0","2009.0","93.5","35.5","41.79"
"2026-06-01T13:55:00","40.0","55.0","2210.0","93.4","48.07","41.79"
"2026-06-01T14:00:00","39.0","49.0","1681.0","93.4","20.74","41.78"
"2026-06-01T14:05:00","40.0","57.0","2658.0","93.3","14.06","41.78"
"2026-06-01T14:10:00","42.0","59.0","2607.0","93.2","42.93","41.78"
"2026-06-01T14:15:00","37.0","56.0","2433.0","93.0","29.21","41.77"
"2026-06-01T14:20:00","36.0","51.0","1947.0","92.9","28.77","41.77"
"2026-06-01T14:25:00","33.0","48.0","1685.0","92.8","44.92","41.77"
"2026-06-01T14:30:00","36.0","50.0","1783.0","92.7","40.25","41.77"
"2026-06-01T14:35:00","40.0","56.0","2387.0","92.6","11.89","41.76"
"2026-06-01T14:40:00","38.0","51.0","1857.0","92.5","48.18","41.76"
"2026-06-01T14:45:00","41.0","54.0","2327.0","92.4","34.82","41.76"
"2026-06-01T14:50:00","44.0","56.0","2467.0","92.4","27.57","41.75"
"2026-06-01T14:55:00","40.0","51.0","2081.0","92.3","25.8","41.75"
"2026-06-01T15:00:00","42.0","57.0","2504.0","92.2","16.47","41.75"
"2026-06-01T15:05:00","43.0","52.0","2168.0","92.0","58.49","41.74"
"2026-06-01T15:10:00","45.0","53.0","2255.0","91.9","41.65","41.74"
"2026-06-01T15:15:00","40.0","56.0","2404.0","91.9","30.52","41.74"
"2026-06-01T15:20:00","44.0","53.0","2162.0","91.9","26.8","41.74"
"2026-06-01T15:25:00","46.0","58.0","2514.0","91.8","14.24","41.73"
"2026-06-01T15:30:00","40.0","58.0","2484.0","91.6","18.96","41.73"
"2026-06-01T15:35:00","44.0","54.0","2120.0","91.5","37.56","41.73"
"2026-06-01T15:40:00","41.0","54.0","2227.0","91.4","19.41","41.72"
"2026-06-01T15:45:00","41.0","55.0","2247.0","91.3","24.76","41.72"
"2026-06-01T15:50:00","36.0","52.0","1968.0","91.2","30.49","41.72"
"2026-06-01T15:55:00","41.0","49.0","1793.0","91.1","53.39","41.72"
"2026-06-01T16:00:00","37.0","50.0","1958.0","90.9","35.91","41.71"
"2026-06-01T16:05:00","33.0","47.0","1702.0","90.9","37.43","41.71"
"2026-06-01T16:10:00","35.0","52.0","1993.0","90.8","17.29","41.71"
"2026-06-01T16:15:00","35.0","47.0","1589.0","90.8","43.71","41.7"
"2026-06-01T16:20:00","53.0","58.0","2741.0","90.7","36.7","41.7"
"2026-06-01T16:25:00","64.0","66.0","3427.0","90.5","44.47","41.7"
"2026-06-01T16:30:00","67.0","62.0","2832.0","90.5","56.68","41.69"
"2026-06-01T16:35:00","67.0","65.0","3261.0","90.4","91.79","41.69"
"2026-06-01T16:40:00","71.0","67.0","3371.0","90.3","66.99","41.69"
"2026-06-01T16:45:00","67.0","65.0","3159.0","90.3","50.7","41.69"
"2026-06-01T16:50:00","65.0","61.0","2992.0","90.2","25.64","41.68"
"2026-06-01T16:55:00","68.0","69.0","3600.0","90.1","46.15","41.68"
"2026-06-01T17:00:00","70.0","68.0","3658.0","89.9","71.56","41.68"
"2026-06-01T17:05:00","69.0","62.0","2904.0","89.9","94.35","41.67"
"2026-06-01T17:10:00","66.0","66.0","3243.0","89.8","17.33","41.67"
"2026-06-01T17:15:00","67.0","64.0","3183.0","89.7","82.0","41.67"
"2026-06-01T17:20:00","70.0","68.0","3491.0","89.6","56.17","41.66"
"2026-06-01T17:25:00","70.0","62.0","2969.0","89.6","67.63","41.66"
"2026-06-01T17:30:00","74.0","65.0","3355.0","89.6","63.74","41.66"
"2026-06-01T17:35:00","69.0","68.0","3439.0","89.4","20.05","41.66"
"2026-06-01T17:40:00","76.0","66.0","3238.0","89.4","16.75","41.65"
"2026-06-01T17:45:00","76.0","70.0","3746.0","89.3","74.7","41.65"
"2026-06-01T17:50:00","76.0","70.0","3800.0","89.2","106.03","41.65"
"2026-06-01T17:55:00","81.0","74.0","4099.0","89.1","30.92","41.64"
"2026-06-01T18:00:00","77.0","67.0","3353.0","89.1","82.14","41.64"
"2026-06-01T18:05:00","78.0","72.0","3765.0","89.0","46.57","41.64"
"2026-06-01T18:10:00","72.0","66.0","3459.0","88.9","37.4","41.63"
"2026-06-01T18:15:00","73.0","69.0","3576.0","88.8","86.32","41.63"
"2026-06-01T18:20:00","77.0","72.0","3910.0","88.8","95.95","41.63"
"2026-06-01T18:25:00","77.0","72.0","3769.0","88.7","39.51","41.62"
"2026-06-01T18:30:00","75.0","69.0","3644.0","88.7","39.25","41.62"
"2026-06-01T18:35:00","76.0","65.0","3193.0","88.6","49.52","41.62"
"2026-06-01T18:40:00","81.0","73.0","3925.0","88.5","109.0","41.62"
"2026-06-01T18:45:00","85.0","69.0","3637.0","88.5","74.51","41.61"
"2026-06-01T18:50:00","81.0","74.0","4170.0","88.3","58.43","41.61"
"2026-06-01T18:55:00","81.0","68.0","3509.0","88.3","83.75","41.61"
"2026-06-01T19:00:00","76.0","70.0","3728.0","88.2","76.34","41.6"
"2026-06-01T19:05:00","78.0","71.0","3940.0","88.1","35.13","41.6"
"2026-06-01T19:10:00","82.0","70.0","3810.0","88.0","35.59","41.6"
"2026-06-01T19:15:00","75.0","71.0","3695.0","88.0","57.97","41.59"
"2026-06-01T19:20:00","74.0","71.0","3684.0","87.9","39.63","41.59"
"2026-06-01T19:25:00","72.0","69.0","3654.0","87.7","31.28","41.59"
"2026-06-01T19:30:00","72.0","71.0","3827.0","87.7","56.96","41.59"
"2026-06-01T19:35:00","76.0","70.0","3604.0","87.7","96.56","41.58"
"2026-06-01T19:40:00","78.0","72.0","3919.0","87.6","75.71","41.58"
"2026-06-01T19:45:00","81.0","72.0","3768.0","87.5","88.46","41.58"
"2026-06-01T19:50:00","77.0","67.0","3487.0","87.5","77.89","41.57"
"2026-06-01T19:55:00","79.0","70.0","3826.0","87.4","53.54","41.57"
"2026-06-01T20:00:00","75.0","72.0","3802.0","87.3","89.16","41.57"
"2026-06-01T20:05:00","71.0","65.0","3106.0","87.2","15.63","41.56"
"2026-06-01T20:10:00","68.0","65.0","3108.0","87.1","91.14","41.56"
"2026-06-01T20:15:00","75.0","65.0","3270.0","87.0","43.73","41.56"
"2026-06-01T20:20:00","72.0","70.0","3848.0","87.0","39.29","41.56"
"2026-06-01T20:25:00","71.0","68.0","3519.0","87.0","64.42","41.55"
"2026-06-01T20:30:00","56.0","62.0","2904.0","86.9","76.61","41.55"
"2026-06-01T20:35:00","47.0","59.0","2843.0","86.9","27.04","41.55"
"2026-06-01T20:40:00","42.0","55.0","2419.0","86.7","36.23","41.54"
"2026-06-01T20:45:00","42.0","51.0","2012.0","86.6","29.49","41.54"
"2026-06-01T20:50:00","43.0","50.0","2029.0","86.5","52.38","41.54"
"2026-06-01T20:55:00","40.0","48.0","1725.0","86.4","36.83","41.53"
"2026-06-01T21:00:00","45.0","59.0","2704.0","86.4","49.36","41.53"
"2026-06-01T21:05:00","47.0","54.0","2333.0","86.3","44.12","41.53"
"2026-06-01T21:10:00","51.0","53.0","2251.0","86.3","26.28","41.53"
"2026-06-01T21:15:00","44.0","53.0","2110.0","86.2","27.86","41.52"
"2026-06-01T21:20:00","46.0","60.0","2696.0","86.1","19.71","41.52"
"2026-06-01T21:25:00","39.0","50.0","1996.0","86.0","28.8","41.52"
"2026-06-01T21:30:00","36.0","46.0","1478.0","85.9","33.61","41.51"
"2026-06-01T21:35:00","40.0","50.0","1777.0","85.9","13.02","41.51"
"2026-06-01T21:40:00","34.0","49.0","1883.0","85.8","36.53","41.51"
"2026-06-01T21:45:00","32.0","47.0","1623.0","85.7","18.61","41.51"
"2026-06-01T21:50:00","43.0","52.0","2217.0","85.6","51.56","41.5"
"2026-06-01T21:55:00","51.0","55.0","2388.0","85.5","18.8","41.5"
"2026-06-01T22:00:00","46.0","56.0","2551.0","85.4","28.25","41.5"
"2026-06-01T22:05:00","48.0","57.0","2551.0","85.3","27.09","41.49"
"2026-06-01T22:10:00","45.0","55.0","2274.0","85.2","38.96","41.49"
"2026-06-01T22:15:00","39.0","52.0","2059.0","85.1","41.86","41.49"
"2026-06-01T22:20:00","33.0","47.0","1489.0","85.0","9.94","41.48"
"2026-06-01T22:25:00","43.0","58.0","2555.0","84.9","31.83","41.48"
"2026-06-01T22:30:00","41.0","54.0","2382.0","84.8","23.57","41.48"
"2026-06-01T22:35:00","39.0","49.0","1680.0","84.8","48.4","41.48"
"2026-06-01T22:40:00","33.0","50.0","1959.0","84.7","33.77","41.47"
"2026-06-01T22:45:00","38.0","54.0","2369.0","84.7","49.19","41.47"
"2026-06-01T22:50:00","36.0","53.0","2254.0","84.6","21.59","41.47"
"2026-06-01T22:55:00","42.0","50.0","1888.0","84.5","44.81","41.46"
"2026-06-01T23:00:00","45.0","54.0","2180.0","84.4","24.22","41.46"
"2026-06-01T23:05:00","39.0","55.0","2421.0","84.3","43.9","41.46"
"2026-06-01T23:10:00","39.0","51.0","1889.0","84.2","39.17","41.45"
"2026-06-01T23:15:00","39.0","49.0","1701.0","84.1","25.06","41.45"
"2026-06-01T23:20:00","40.0","53.0","2050.0","84.0","16.43","41.45"
"2026-06-01T23:25:00","36.0","51.0","2027.0","84.0","13.56","41.45"
"2026-06-01T23:30:00","34.0","48.0","1700.0","83.9","15.35","41.44"
"2026-06-01T23:35:00","37.0","51.0","2140.0","83.9","40.41","41.44"
"2026-06-01T23:40:00","35.0","49.0","1684.0","83.8","19.29","41.44"
"2026-06-01T23:45:00","39.0","57.0","2625.0","83.7","49.41","41.43"
"2026-06-01T23:50:00","47.0","54.0","2345.0","83.7","37.47","41.43"
"2026-06-01T23:55:00","43.0","56.0","2360.0","83.5","38.22","41.43"
"2026-06-02T00:00:00","39.0","53.0","2151.0","83.4","24.19","41.42"
"2026-06-02T00:05:00","47.0","55.0","2393.0","83.3","45.87","41.42"
"2026-06-02T00:10:00","46.0","54.0","2234.0","83.3","37.27","41.42"
"2026-06-02T00:15:00","41.0","52.0","2181.0","83.3","37.95","41.41"
"2026-06-02T00:20:00","40.0","56.0","2379.0","83.2","52.03","41.41"
"2026-06-02T00:25:00","49.0","54.0","2226.0","83.1","52.66","41.41"
"2026-06-02T00:30:00","52.0","59.0","2791.0","83.0","64.59","41.41"
"2026-06-02T00:35:00","55.0","57.0","2435.0","82.9","53.65","41.4"
"2026-06-02T00:40:00","42.0","54.0","2345.0","100.0","54.4","41.4"
"2026-06-02T00:45:00","32.0","50.0","1820.0","99.9","16.19","41.4"
"2026-06-02T00:50:00","25.0","47.0","1568.0","99.8","31.96","41.39"
"2026-06-02T00:55:00","24.0","46.0","1496.0","99.7","18.0","41.39"
"2026-06-02T01:00:00","19.0","40.0","1074.0","99.6","6.02","41.39"
"2026-06-02T01:05:00","15.0","43.0","1186.0","99.6","4.07","41.38"
"2026-06-02T01:10:00","16.0","41.0","1015.0","99.5","3.73","41.38"
"2026-06-02T01:15:00","18.0","39.0","1001.0","99.4","7.38","41.38"
"2026-06-02T01:20:00","19.0","39.0","1000.0","99.3","12.35","41.38"
"2026-06-02T01:25:00","19.0","42.0","1313.0","99.3","22.85","41.37"
"2026-06-02T01:30:00","18.0","41.0","1046.0","99.2","3.94","41.37"
"2026-06-02T01:35:00","19.0","41.0","1222.0","99.1","14.0","41.37"
"2026-06-02T01:40:00","16.0","39.0","1000.0","99.1","15.42","41.36"
"2026-06-02T01:45:00","14.0","39.0","1145.0","99.0","6.45","41.36"
"2026-06-02T01:50:00","14.0","37.0","1068.0","98.9","10.88","41.36"
"2026-06-02T01:55:00","13.0","37.0","1023.0","98.9","11.82","41.35"
"2026-06-02T02:00:00","15.0","38.0","1140.0","98.8","7.69","41.35"
"2026-06-02T02:05:00","17.0","43.0","1279.0","98.7","17.61","41.35"
"2026-06-02T02:10:00","15.0","44.0","1447.0","98.6","18.06","41.35"
"2026-06-02T02:15:00","13.0","41.0","1200.0","98.5","15.7","41.34"
"2026-06-02T02:20:00","16.0","47.0","1658.0","98.4","8.61","41.34"
"2026-06-02T02:25:00","18.0","43.0","1345.0","98.3","9.92","41.34"
"2026-06-02T02:30:00","17.0","41.0","1000.0","98.2","9.43","41.33"
"2026-06-02T02:35:00","18.0","41.0","1113.0","98.0","8.79","41.33"
"2026-06-02T02:40:00","15.0","43.0","1267.0","98.0","16.02","41.33"
"2026-06-02T02:45:00","13.0","42.0","1274.0","97.9","3.6","41.33"
"2026-06-02T02:50:00","11.0","39.0","1000.0","97.9","5.97","41.32"
"2026-06-02T02:55:00","11.0","42.0","1299.0","97.8","10.83","41.32"
"2026-06-02T03:00:00","10.0","42.0","1298.0","97.7","9.61","41.32"
"2026-06-02T03:05:00","12.0","43.0","1130.0","97.6","16.65","41.31"
"2026-06-02T03:10:00","13.0","39.0","1118.0","97.5","18.04","41.31"
"2026-06-02T03:15:00","11.0","41.0","1219.0","97.5","3.92","41.31"
"2026-06-02T03:20:00","10.0","37.0","1095.0","97.3","5.07","41.3"
"2026-06-02T03:25:00","12.0","42.0","1186.0","97.2","7.47","41.3"
"2026-06-02T03:30:00","14.0","40.0","1000.0","97.1","3.91","41.3"
"2026-06-02T03:35:00","14.0","39.0","1000.0","97.0","18.75","41.3"
"2026-06-02T03:40:00","12.0","44.0","1293.0","96.9","15.19","41.29"
"2026-06-02T03:45:00","13.0","39.0","1031.0","96.9","8.62","41.29"
"2026-06-02T03:50:00","15.0","39.0","1096.0","96.8","19.79","41.29"
"2026-06-02T03:55:00","16.0","40.0","1000.0","96.7","19.54","41.28"
"2026-06-02T04:00:00","17.0","46.0","1664.0","96.7","6.56","41.28"
"2026-06-02T04:05:00","18.0","44.0","1509.0","96.6","13.25","41.28"
"2026-06-02T04:10:00","18.0","46.0","1411.0","96.6","17.05","41.27"
"2026-06-02T04:15:00","16.0","39.0","1111.0","96.5","10.14","41.27"
"2026-06-02T04:20:00","16.0","41.0","1162.0","96.4","19.61","41.27"
"2026-06-02T04:25:00","14.0","40.0","1092.0","96.4","17.18","41.27"
"2026-06-02T04:30:00","17.0","43.0","1379.0","96.3","13.86","41.26"
"2026-06-02T04:35:00","16.0","43.0","1238.0","96.2","9.01","41.26"
"2026-06-02T04:40:00","17.0","46.0","1650.0","96.2","6.71","41.26"
"2026-06-02T04:45:00","14.0","39.0","1000.0","96.1","8.48","41.25"
"2026-06-02T04:50:00","23.0","49.0","1924.0","96.0","29.36","41.25"
"2026-06-02T04:55:00","29.0","49.0","1821.0","96.0","37.49","41.25"
"2026-06-02T05:00:00","34.0","51.0","2072.0","95.9","14.71","41.24"
"2026-06-02T05:05:00","35.0","49.0","1916.0","95.9","7.04","41.24"
"2026-06-02T05:10:00","35.0","49.0","1739.0","95.8","15.01","41.24"
"2026-06-02T05:15:00","32.0","48.0","1670.0","95.8","34.49","41.23"
"2026-06-02T05:20:00","33.0","49.0","1705.0","95.7","39.24","41.23"
"2026-06-02T05:25:00","32.0","48.0","1812.0","95.6","26.22","41.23"
"2026-06-02T05:30:00","29.0","49.0","1743.0","95.5","36.87","41.23"
"2026-06-02T05:35:00","28.0","49.0","1843.0","95.4","13.73","41.22"
"2026-06-02T05:40:00","33.0","47.0","1609.0","95.3","12.35","41.22"
"2026-06-02T05:45:00","31.0","51.0","2122.0","95.2","38.14","41.22"
"2026-06-02T05:50:00","29.0","50.0","1874.0","95.0","9.84","41.21"
"2026-06-02T05:55:00","34.0","49.0","1948.0","94.9","36.71","41.21"
"2026-06-02T06:00:00","33.0","51.0","2017.0","94.8","12.96","41.21"
"2026-06-02T06:05:00","38.0","53.0","2199.0","94.8","28.0","41.2"
"2026-06-02T06:10:00","41.0","50.0","2047.0","94.7","22.25","41.2"
"2026-06-02T06:15:00","45.0","55.0","2328.0","94.6","12.73","41.2"
"2026-06-02T06:20:00","44.0","57.0","2382.0","94.4","27.09","41.2"
"2026-06-02T06:25:00","40.0","56.0","2301.0","94.3","12.58","41.19"
"2026-06-02T06:30:00","36.0","51.0","2070.0","94.3","36.86","41.19"
"2026-06-02T06:35:00","38.0","53.0","2285.0","94.1","16.3","41.19"
"2026-06-02T06:40:00","35.0","49.0","1825.0","94.1","26.3","41.18"
"2026-06-02T06:45:00","32.0","51.0","1975.0","94.0","14.82","41.18"
"2026-06-02T06:50:00","33.0","47.0","1646.0","93.9","23.12","41.18"
"2026-06-02T06:55:00","38.0","50.0","1937.0","93.9","38.09","41.17"
"2026-06-02T07:00:00","36.0","48.0","1769.0","93.7","48.19","41.17"
"2026-06-02T07:05:00","35.0","50.0","2033.0","93.7","43.64","41.17"
"2026-06-02T07:10:00","33.0","50.0","2031.0","93.6","38.9","41.17"
"2026-06-02T07:15:00","36.0","53.0","2051.0","93.5","43.19","41.16"
"2026-06-02T07:20:00","41.0","54.0","2203.0","93.4","39.93","41.16"
"2026-06-02T07:25:00","39.0","50.0","1882.0","93.3","31.75","41.16"
"2026-06-02T07:30:00","36.0","52.0","2195.0","93.1","14.13","41.15"
"2026-06-02T07:35:00","32.0","50.0","1774.0","93.1","36.01","41.15"
"2026-06-02T07:40:00","38.0","50.0","1901.0","93.0","38.57","41.15"
"2026-06-02T07:45:00","41.0","53.0","2262.0","92.9","43.75","41.15"
"2026-06-02T07:50:00","44.0","57.0","2508.0","92.9","61.0","41.14"
"2026-06-02T07:55:00","41.0","49.0","1881.0","92.9","51.63","41.14"
"2026-06-02T08:00:00","36.0","50.0","1974.0","92.8","12.81","41.14"
"2026-06-02T08:05:00","40.0","54.0","2207.0","92.7","54.77","41.13"
"2026-06-02T08:10:00","38.0","56.0","2576.0","92.6","20.88","41.13"
"2026-06-02T08:15:00","41.0","56.0","2499.0","92.5","55.37","41.13"
"2026-06-02T08:20:00","44.0","56.0","2578.0","92.4","43.87","41.12"
"2026-06-02T08:25:00","38.0","53.0","2028.0","92.3","45.32","41.12"
"2026-06-02T08:30:00","35.0","53.0","2170.0","92.3","12.03","41.12"
"2026-06-02T08:35:00","38.0","52.0","2218.0","92.1","19.2","41.12"
"2026-06-02T08:40:00","39.0","51.0","1891.0","92.0","24.14","41.11"
"2026-06-02T08:45:00","39.0","53.0","2175.0","91.9","52.35","41.11"
"2026-06-02T08:50:00","38.0","47.0","1493.0","91.8","18.22","41.11"
"2026-06-02T08:55:00","43.0","55.0","2323.0","91.8","13.32","41.1"
"2026-06-02T09:00:00","58.0","58.0","2656.0","91.7","19.06","41.1"
"2026-06-02T09:05:00","65.0","66.0","3446.0","91.6","78.86","41.1"
"2026-06-02T09:10:00","65.0","63.0","2962.0","91.5","61.69","41.09"
"2026-06-02T09:15:00","71.0","67.0","3301.0","91.5","57.62","41.09"
"2026-06-02T09:20:00","72.0","66.0","3289.0","91.4","80.78","41.09"
"2026-06-02T09:25:00","70.0","69.0","3576.0","91.3","71.87","41.09"
"2026-06-02T09:30:00","76.0","72.0","3778.0","91.2","56.99","41.08"
"2026-06-02T09:35:00","74.0","67.0","3384.0","91.1","44.77","41.08"
"2026-06-02T09:40:00","71.0","63.0","3079.0","91.1","24.36","41.08"
"2026-06-02T09:45:00","72.0","67.0","3337.0","90.9","40.77","41.07"
"2026-06-02T09:50:00","72.0","66.0","3454.0","90.8","99.31","41.07"
"2026-06-02T09:55:00","73.0","69.0","3489.0","90.7","49.66","41.07"
"2026-06-02T10:00:00","69.0","66.0","3465.0","90.7","35.09","41.06"
"2026-06-02T10:05:00","66.0","68.0","3583.0","90.6","57.56","41.06"
"2026-06-02T10:10:00","70.0","65.0","3124.0","90.5","25.06","41.06"
"2026-06-02T10:15:00","73.0","66.0","3485.0","90.4","94.25","41.05"
"2026-06-02T10:20:00","69.0","65.0","3279.0","90.3","16.85","41.05"
"2026-06-02T10:25:00","71.0","64.0","3180.0","90.2","36.06","41.05"
"2026-06-02T10:30:00","72.0","64.0","3187.0","90.1","19.61","41.05"
"2026-06-02T10:35:00","69.0","62.0","3041.0","90.0","94.45","41.04"
"2026-06-02T10:40:00","72.0","64.0","3105.0","89.9","85.93","41.04"
"2026-06-02T10:45:00","77.0","71.0","3868.0","89.8","51.81","41.04"
"2026-06-02T10:50:00","77.0","73.0","3855.0","89.7","80.2","41.03"
"2026-06-02T10:55:00","74.0","66.0","3477.0","89.6","96.08","41.03"
"2026-06-02T11:00:00","69.0","67.0","3297.0","89.4","34.88","41.03"
"2026-06-02T11:05:00","76.0","67.0","3326.0","89.3","52.52","41.02"
"2026-06-02T11:10:00","77.0","73.0","3834.0","89.3","76.81","41.02"
"2026-06-02T11:15:00","76.0","67.0","3575.0","89.2","74.22","41.02"
"2026-06-02T11:20:00","71.0","71.0","3751.0","89.1","24.02","41.02"
"2026-06-02T11:25:00","75.0","70.0","3811.0","89.0","94.88","41.01"
"2026-06-02T11:30:00","78.0","73.0","4051.0","88.9","27.49","41.01"
"2026-06-02T11:35:00","74.0","66.0","3443.0","88.8","63.68","41.01"
"2026-06-02T11:40:00","72.0","64.0","3256.0","88.7","41.25","41.0"
"2026-06-02T11:45:00","73.0","70.0","3689.0","88.6","41.85","41.0"
"2026-06-02T11:50:00","72.0","67.0","3368.0","88.5","79.7","41.0"
"2026-06-02T11:55:00","75.0","66.0","3395.0","88.5","88.3","40.99"
"2026-06-02T12:00:00","71.0","63.0","3052.0","88.4","64.75","40.99"
"2026-06-02T12:05:00","73.0","65.0","3146.0","88.3","16.06","40.99"
"2026-06-02T12:10:00","77.0","72.0","3820.0","88.2","89.85","40.99"
"2026-06-02T12:15:00","73.0","66.0","3394.0","88.2","45.85","40.98"
"2026-06-02T12:20:00","77.0","68.0","3583.0","88.1","83.89","40.98"
"2026-06-02T12:25:00","81.0","75.0","4285.0","87.9","29.49","40.98"
"2026-06-02T12:30:00","84.0","72.0","3925.0","87.9","26.56","40.97"
"2026-06-02T12:35:00","83.0","70.0","3827.0","87.7","110.36","40.97"
"2026-06-02T12:40:00","86.0","73.0","3939.0","87.7","36.46","40.97"
"2026-06-02T12:45:00","86.0","76.0","4108.0","87.6","28.39","40.97"
"2026-06-02T12:50:00","80.0","75.0","4154.0","87.5","94.92","40.96"
"2026-06-02T12:55:00","83.0","75.0","4187.0","87.5","21.86","40.96"
"2026-06-02T13:00:00","81.0","73.0","3941.0","87.4","72.53","40.96"
"2026-06-02T13:05:00","84.0","72.0","3759.0","87.3","21.86","40.95"
"2026-06-02T13:10:00","66.0","60.0","2917.0","87.2","83.87","40.95"
"2026-06-02T13:15:00","52.0","58.0","2668.0","87.1","61.79","40.95"
"2026-06-02T13:20:00","53.0","60.0","2772.0","87.1","65.74","40.94"
"2026-06-02T13:25:00","52.0","58.0","2626.0","86.9","31.47","40.94"
"2026-06-02T13:30:00","51.0","59.0","2840.0","86.9","56.6","40.94"
"2026-06-02T13:35:00","54.0","55.0","2405.0","86.8","34.83","40.94"
"2026-06-02T13:40:00","55.0","61.0","2909.0","86.7","74.12","40.93"
"2026-06-02T13:45:00","46.0","54.0","2386.0","86.6","42.55","40.93"
"2026-06-02T13:50:00","38.0","55.0","2495.0","86.6","30.89","40.93"
"2026-06-02T13:55:00","41.0","51.0","1990.0","86.5","32.85","40.92"
"2026-06-02T14:00:00","35.0","48.0","1761.0","86.5","9.17","40.92"
"2026-06-02T14:05:00","42.0","57.0","2645.0","86.3","43.68","40.92"
"2026-06-02T14:10:00","41.0","53.0","2256.0","86.3","37.0","40.91"
"2026-06-02T14:15:00","40.0","54.0","2367.0","86.1","38.65","40.91"
"2026-06-02T14:20:00","39.0","50.0","1784.0","86.0","53.86","40.91"
"2026-06-02T14:25:00","38.0","52.0","2154.0","86.0","14.91","40.91"
"2026-06-02T14:30:00","43.0","53.0","2198.0","85.9","28.87","40.9"
"2026-06-02T14:35:00","41.0","50.0","1846.0","85.7","8.22","40.9"
"2026-06-02T14:40:00","37.0","51.0","1881.0","85.7","40.72","40.9"
"2026-06-02T14:45:00","39.0","51.0","1940.0","85.6","44.97","40.89"
"2026-06-02T14:50:00","41.0","55.0","2401.0","85.5","36.84","40.89"
"2026-06-02T14:55:00","46.0","59.0","2779.0","85.5","29.61","40.89"
"2026-06-02T15:00:00","47.0","53.0","2285.0","85.3","24.72","40.88"
"2026-06-02T15:05:00","42.0","53.0","2201.0","85.3","50.16","40.88"
"2026-06-02T15:10:00","47.0","55.0","2485.0","85.1","51.27","40.88"
"2026-06-02T15:15:00","53.0","57.0","2476.0","85.0","14.4","40.88"
"2026-06-02T15:20:00","56.0","56.0","2523.0","84.9","13.25","40.87"
"2026-06-02T15:25:00","46.0","52.0","2219.0","84.8","56.72","40.87"
"2026-06-02T15:30:00","49.0","58.0","2621.0","84.6","36.34","40.87"
"2026-06-02T15:35:00","50.0","60.0","2654.0","84.6","66.04","40.86"
"2026-06-02T15:40:00","49.0","59.0","2807.0","84.4","44.96","40.86"
"2026-06-02T15:45:00","49.0","61.0","2889.0","84.4","43.11","40.86"
"2026-06-02T15:50:00","47.0","56.0","2404.0","84.2","47.26","40.85"
"2026-06-02T15:55:00","38.0","47.0","1520.0","84.2","31.47","40.85"
"2026-06-02T16:00:00","42.0","51.0","2094.0","84.1","51.32","40.85"
"2026-06-02T16:05:00","45.0","55.0","2358.0","84.0","51.47","40.84"
"2026-06-02T16:10:00","39.0","54.0","2218.0","83.9","22.0","40.84"
"2026-06-02T16:15:00","35.0","49.0","1712.0","83.8","46.73","40.84"
"2026-06-02T16:20:00","45.0","53.0","2240.0","83.7","28.51","40.84"
"2026-06-02T16:25:00","37.0","52.0","1972.0","83.6","26.32","40.83"
"2026-06-02T16:30:00","45.0","53.0","2026.0","83.4","57.02","40.83"
"2026-06-02T16:35:00","51.0","60.0","2746.0","83.3","67.87","40.83"
"2026-06-02T16:40:00","50.0","57.0","2613.0","83.2","53.38","40.82"
"2026-06-02T16:45:00","47.0","58.0","2512.0","83.0","14.34","40.82"
"2026-06-02T16:50:00","42.0","53.0","2215.0","83.0","17.38","40.82"
"2026-06-02T16:55:00","40.0","51.0","2037.0","82.9","44.4","40.81"
"2026-06-02T17:00:00","34.0","54.0","2248.0","82.8","35.19","40.81"
"2026-06-02T17:05:00","42.0","55.0","2449.0","82.7","12.9","40.81"
"2026-06-02T17:10:00","47.0","54.0","2229.0","82.7","39.16","40.81"
"2026-06-02T17:15:00","42.0","58.0","2488.0","82.6","13.61","40.8"
"2026-06-02T17:20:00","34.0","54.0","2155.0","100.0","33.86","40.8"
"2026-06-02T17:25:00","27.0","46.0","1603.0","99.9","27.09","40.8"
"2026-06-02T17:30:00","24.0","46.0","1622.0","99.8","7.79","40.79"
"2026-06-02T17:35:00","20.0","45.0","1323.0","99.7","25.12","40.79"
"2026-06-02T17:40:00","20.0","44.0","1390.0","99.7","22.19","40.79"
"2026-06-02T17:45:00","17.0","41.0","1149.0","99.5","10.36","40.78"
"2026-06-02T17:50:00","16.0","40.0","1141.0","99.4","12.64","40.78"
"2026-06-02T17:55:00","16.0","43.0","1207.0","99.3","20.03","40.78"
"2026-06-02T18:00:00","13.0","42.0","1070.0","99.2","5.2","40.78"
"2026-06-02T18:05:00","15.0","38.0","1079.0","99.1","19.11","40.77"
"2026-06-02T18:10:00","16.0","37.0","1000.0","99.0","3.28","40.77"
"2026-06-02T18:15:00","16.0","42.0","1223.0","99.0","7.19","40.77"
"2026-06-02T18:20:00","18.0","43.0","1362.0","98.8","8.0","40.76"
"2026-06-02T18:25:00","19.0","45.0","1593.0","98.7","7.65","40.76"
"2026-06-02T18:30:00","20.0","43.0","1152.0","98.7","6.64","40.76"
"2026-06-02T18:35:00","18.0","46.0","1663.0","98.5","9.09","40.76"
"2026-06-02T18:40:00","17.0","44.0","1409.0","98.4","19.41","40.75"
"2026-06-02T18:45:00","14.0","41.0","1000.0","98.3","19.07","40.75"
"2026-06-02T18:50:00","15.0","41.0","1104.0","98.1","15.45","40.75"
"2026-06-02T18:55:00","18.0","44.0","1392.0","98.1","7.81","40.74"
"2026-06-02T19:00:00","19.0","44.0","1499.0","98.0","7.23","40.74"
"2026-06-02T19:05:00","18.0","41.0","1000.0","98.0","17.49","40.74"
"2026-06-02T19:10:00","15.0","43.0","1158.0","97.9","19.41","40.73"
"2026-06-02T19:15:00","12.0","39.0","1000.0","97.9","13.3","40.73"
"2026-06-02T19:20:00","12.0","42.0","1253.0","97.9","13.21","40.73"
"2026-06-02T19:25:00","10.0","38.0","1107.0","97.8","4.96","40.73"
"2026-06-02T19:30:00","13.0","40.0","1000.0","97.7","8.18","40.72"
"2026-06-02T19:35:00","16.0","41.0","1000.0","97.7","4.52","40.72"
"2026-06-02T19:40:00","18.0","46.0","1677.0","97.5","11.35","40.72"
"2026-06-02T19:45:00","20.0","46.0","1508.0","97.4","9.96","40.71"
"2026-06-02T19:50:00","20.0","40.0","1129.0","97.3","24.34","40.71"
"2026-06-02T19:55:00","18.0","40.0","1076.0","97.2","22.5","40.71"
"2026-06-02T20:00:00","19.0","45.0","1406.0","97.1","16.18","40.7"
"2026-06-02T20:05:00","16.0","43.0","1330.0","97.0","18.24","40.7"
"2026-06-02T20:10:00","15.0","44.0","1316.0","96.9","7.1","40.7"
"2026-06-02T20:15:00","17.0","41.0","1164.0","96.8","5.88","40.7"
"2026-06-02T20:20:00","16.0","42.0","1141.0","96.8","8.64","40.69"
"2026-06-02T20:25:00","14.0","39.0","1000.0","96.6","3.52","40.69"
"2026-06-02T20:30:00","17.0","44.0","1473.0","96.6","19.7","40.69"
"2026-06-02T20:35:00","17.0","42.0","1321.0","96.5","4.78","40.68"
"2026-06-02T20:40:00","18.0","43.0","1136.0","96.4","23.54","40.68"
"2026-06-02T20:45:00","18.0","44.0","1261.0","96.3","14.18","40.68"
"2026-06-02T20:50:00","18.0","45.0","1525.0","96.3","18.87","40.67"
"2026-06-02T20:55:00","18.0","46.0","1509.0","96.1","18.1","40.67"
"2026-06-02T21:00:00","20.0","42.0","1235.0","96.0","11.81","40.67"
"2026-06-02T21:05:00","20.0","43.0","1193.0","95.9","17.18","40.66"
"2026-06-02T21:10:00","20.0","44.0","1498.0","95.8","15.74","40.66"
"2026-06-02T21:15:00","20.0","43.0","1143.0","95.8","15.79","40.66"
"2026-06-02T21:20:00","19.0","44.0","1277.0","95.7","4.93","40.66"
"2026-06-02T21:25:00","20.0","42.0","1122.0","95.6","10.09","40.65"
"2026-06-02T21:30:00","23.0","45.0","1369.0","95.5","26.19","40.65"
"2026-06-02T21:35:00","24.0","45.0","1397.0","95.4","15.57","40.65"
"2026-06-02T21:40:00","28.0","45.0","1586.0","95.3","13.67","40.64"
"2026-06-02T21:45:00","29.0","45.0","1300.0","95.2","5.88","40.64"
"2026-06-02T21:50:00","35.0","53.0","2271.0","95.1","39.93","40.64"
"2026-06-02T21:55:00","35.0","52.0","2165.0","95.0","36.29","40.63"
"2026-06-02T22:00:00","38.0","53.0","2165.0","94.9","47.04","40.63"
"2026-06-02T22:05:00","42.0","53.0","2044.0","94.8","32.13","40.63"
"2026-06-02T22:10:00","38.0","51.0","2106.0","94.7","40.85","40.63"
"2026-06-02T22:15:00","39.0","50.0","1934.0","94.6","32.06","40.62"
"2026-06-02T22:20:00","36.0","47.0","1663.0","94.5","12.49","40.62"
"2026-06-02T22:25:00","36.0","49.0","1850.0","94.4","37.27","40.62"
"2026-06-02T22:30:00","34.0","52.0","2199.0","94.3","46.14","40.61"
"2026-06-02T22:35:00","34.0","50.0","1847.0","94.3","28.66","40.61"
"2026-06-02T22:40:00","33.0","48.0","1815.0","94.3","45.95","40.61"
"2026-06-02T22:45:00","32.0","48.0","1589.0","94.1","25.96","40.6"
"2026-06-02T22:50:00","38.0","54.0","2237.0","94.1","16.05","40.6"
"2026-06-02T22:55:00","36.0","48.0","1800.0","94.0","26.57","40.6"
"2026-06-02T23:00:00","36.0","48.0","1621.0","93.9","15.39","40.6"
"2026-06-02T23:05:00","40.0","53.0","2265.0","93.9","53.73","40.59"
"2026-06-02T23:10:00","44.0","56.0","2371.0","93.9","49.79","40.59"
"2026-06-02T23:15:00","38.0","48.0","1650.0","93.8","33.17","40.59"
"2026-06-02T23:20:00","38.0","57.0","2647.0","93.7","16.82","40.58"
"2026-06-02T23:25:00","41.0","53.0","2165.0","93.6","48.11","40.58"
"2026-06-02T23:30:00","43.0","57.0","2552.0","93.5","22.3","40.58"
"2026-06-02T23:35:00","39.0","50.0","1762.0","93.4","25.94","40.58"
"2026-06-02T23:40:00","39.0","52.0","2100.0","93.3","12.79","40.57"
"2026-06-02T23:45:00","35.0","46.0","1431.0","93.2","33.23","40.57"
"2026-06-02T23:50:00","33.0","48.0","1612.0","93.1","42.22","40.57"
"2026-06-02T23:55:00","30.0","46.0","1467.0","93.0","19.1","40.56"
"2026-06-03T00:00:00","33.0","53.0","2239.0","92.8","29.81","40.56"
"2026-06-03T00:05:00","34.0","51.0","2078.0","92.7","7.79","40.56"
"2026-06-03T00:10:00","31.0","45.0","1353.0","92.6","19.81","40.55"
"2026-06-03T00:15:00","33.0","49.0","1891.0","92.5","17.82","40.55"
"2026-06-03T00:20:00","31.0","49.0","1664.0","92.5","43.0","40.55"
"2026-06-03T00:25:00","33.0","47.0","1511.0","92.4","24.75","40.55"
"2026-06-03T00:30:00","39.0","56.0","2584.0","92.4","33.16","40.54"
"2026-06-03T00:35:00","41.0","57.0","2486.0","92.3","48.46","40.54"
"2026-06-03T00:40:00","45.0","57.0","2562.0","92.3","12.54","40.54"
"2026-06-03T00:45:00","42.0","55.0","2320.0","92.2","54.84","40.53"
"2026-06-03T00:50:00","44.0","56.0","2390.0","92.1","17.71","40.53"
"2026-06-03T00:55:00","41.0","49.0","1828.0","92.0","14.77","40.53"
"2026-06-03T01:00:00","38.0","50.0","1998.0","92.0","11.58","40.52"
"2026-06-03T01:05:00","36.0","50.0","2016.0","91.9","22.17","40.52"
"2026-06-03T01:10:00","33.0","51.0","1978.0","91.8","27.71","40.52"
"2026-06-03T01:15:00","39.0","53.0","2031.0","91.7","41.48","40.52"
"2026-06-03T01:20:00","41.0","55.0","2468.0","91.7","9.29","40.51"
"2026-06-03T01:25:00","37.0","53.0","2066.0","91.5","29.64","40.51"
"2026-06-03T01:30:00","35.0","48.0","1613.0","91.4","21.07","40.51"
"2026-06-03T01:35:00","39.0","48.0","1849.0","91.3","35.79","40.5"
"2026-06-03T01:40:00","51.0","55.0","2201.0","91.2","64.72","40.5"
"2026-06-03T01:45:00","63.0","65.0","3368.0","91.1","17.8","40.5"
"2026-06-03T01:50:00","63.0","65.0","3301.0","91.1","67.13","40.49"
"2026-06-03T01:55:00","65.0","64.0","3244.0","91.0","73.77","40.49"
"2026-06-03T02:00:00","69.0","68.0","3634.0","90.9","76.71","40.49"
"2026-06-03T02:05:00","71.0","68.0","3656.0","90.9","60.35","40.48"
"2026-06-03T02:10:00","72.0","69.0","3580.0","90.9","82.16","40.48"
"2026-06-03T02:15:00","70.0","68.0","3670.0","90.8","22.82","40.48"
"2026-06-03T02:20:00","68.0","65.0","3231.0","90.7","67.29","40.48"
"2026-06-03T02:25:00","73.0","70.0","3596.0","90.6","81.08","40.47"
"2026-06-03T02:30:00","70.0","63.0","3214.0","90.5","89.43","40.47"
"2026-06-03T02:35:00","69.0","69.0","3539.0","90.3","70.86","40.47"
"2026-06-03T02:40:00","76.0","67.0","3339.0","90.3","84.23","40.46"
"2026-06-03T02:45:00","77.0","68.0","3444.0","90.1","91.46","40.46"
"2026-06-03T02:50:00","74.0","66.0","3485.0","90.0","76.65","40.46"
"2026-06-03T02:55:00","74.0","69.0","3750.0","90.0","46.71","40.45"
"2026-06-03T03:00:00","75.0","66.0","3336.0","89.9","100.71","40.45"
"2026-06-03T03:05:00","74.0","68.0","3586.0","89.7","76.83","40.45"
"2026-06-03T03:10:00","71.0","65.0","3231.0","89.6","40.79","40.45"
"2026-06-03T03:15:00","70.0","67.0","3457.0","89.5","60.85","40.44"
"2026-06-03T03:20:00","67.0","64.0","3157.0","89.4","42.48","40.44"
"2026-06-03T03:25:00","64.0","62.0","3019.0","89.4","83.75","40.44"
"2026-06-03T03:30:00","69.0","70.0","3788.0","89.3","54.92","40.43"
"2026-06-03T03:35:00","72.0","70.0","3609.0","89.3","79.34","40.43"
"2026-06-03T03:40:00","69.0","70.0","3660.0","89.2","69.2","40.43"
"2026-06-03T03:45:00","73.0","67.0","3484.0","89.1","74.14","40.42"
"2026-06-03T03:50:00","75.0","72.0","3883.0","89.1","54.01","40.42"
"2026-06-03T03:55:00","78.0","73.0","3942.0","89.0","63.25","40.42"
"2026-06-03T04:00:00","80.0","73.0","4087.0","88.9","55.17","40.42"
"2026-06-03T04:05:00","75.0","69.0","3679.0","88.9","23.48","40.41"
"2026-06-03T04:10:00","72.0","71.0","3938.0","88.8","59.17","40.41"
"2026-06-03T04:15:00","69.0","69.0","3624.0","88.7","85.25","40.41"
"2026-06-03T04:20:00","70.0","69.0","3682.0","88.7","42.45","40.4"
"2026-06-03T04:25:00","67.0","63.0","2920.0","88.6","89.08","40.4"
"2026-06-03T04:30:00","69.0","66.0","3288.0","88.5","37.5","40.4"
"2026-06-03T04:35:00","75.0","68.0","3434.0","88.4","102.63","40.4"
"2026-06-03T04:40:00","73.0","70.0","3709.0","88.3","48.2","40.39"
"2026-06-03T04:45:00","73.0","69.0","3727.0","88.2","62.15","40.39"
"2026-06-03T04:50:00","75.0","64.0","3269.0","88.1","95.66","40.39"
"2026-06-03T04:55:00","79.0","71.0","3765.0","88.0","57.38","40.38"
"2026-06-03T05:00:00","82.0","69.0","3598.0","87.8","62.58","40.38"
"2026-06-03T05:05:00","82.0","74.0","4125.0","87.7","97.01","40.38"
"2026-06-03T05:10:00","77.0","67.0","3417.0","87.6","94.96","40.37"
"2026-06-03T05:15:00","75.0","66.0","3315.0","87.6","72.43","40.37"
"2026-06-03T05:20:00","78.0","67.0","3346.0","87.4","25.06","40.37"
"2026-06-03T05:25:00","82.0","73.0","4116.0","87.4","57.89","40.37"
"2026-06-03T05:30:00","85.0","69.0","3582.0","87.3","49.96","40.36"
"2026-06-03T05:35:00","79.0","72.0","3861.0","87.1","18.94","40.36"
"2026-06-03T05:40:00","74.0","68.0","3563.0","87.0","31.79","40.36"
"2026-06-03T05:45:00","71.0","64.0","3303.0","87.0","90.84","40.35"
"2026-06-03T05:50:00","61.0","64.0","3287.0","87.0","65.37","40.35"
"2026-06-03T05:55:00","57.0","63.0","3115.0","86.9","11.45","40.35"
"2026-06-03T06:00:00","56.0","61.0","2836.0","86.9","51.46","40.34"
"2026-06-03T06:05:00","56.0","58.0","2696.0","86.8","23.31","40.34"
"2026-06-03T06:10:00","59.0","59.0","2565.0","86.7","16.05","40.34"
"2026-06-03T06:15:00","62.0","64.0","3272.0","86.6","37.97","40.34"
"2026-06-03T06:20:00","55.0","57.0","2607.0","86.5","11.59","40.33"
"2026-06-03T06:25:00","46.0","53.0","2100.0","86.4","22.1","40.33"
"2026-06-03T06:30:00","41.0","52.0","2116.0","86.3","12.64","40.33"
"2026-06-03T06:35:00","46.0","54.0","2180.0","86.2","52.64","40.32"
"2026-06-03T06:40:00","41.0","54.0","2129.0","86.1","19.35","40.32"
"2026-06-03T06:45:00","38.0","54.0","2260.0","86.0","25.39","40.32"
"2026-06-03T06:50:00","36.0","53.0","2150.0","85.9","29.98","40.31"
"2026-06-03T06:55:00","38.0","56.0","2355.0","85.8","45.96","40.31"
"2026-06-03T07:00:00","43.0","54.0","2385.0","85.7","33.33","40.31"
"2026-06-03T07:05:00","48.0","61.0","2967.0","85.7","56.52","40.3"
"2026-06-03T07:10:00","50.0","56.0","2510.0","85.6","19.98","40.3"
"2026-06-03T07:15:00","44.0","56.0","2333.0","85.5","44.48","40.3"
"2026-06-03T07:20:00","38.0","48.0","1799.0","85.4","29.92","40.3"
"2026-06-03T07:25:00","35.0","50.0","2005.0","85.3","32.05","40.29"
"2026-06-03T07:30:00","41.0","56.0","2429.0","85.2","42.46","40.29"
"2026-06-03T07:35:00","48.0","60.0","2810.0","85.2","51.36","40.29"
"2026-06-03T07:40:00","46.0","55.0","2314.0","85.1","31.49","40.28"
"2026-06-03T07:45:00","51.0","60.0","2817.0","85.1","50.15","40.28"
"2026-06-03T07:50:00","44.0","54.0","2217.0","85.1","53.12","40.28"
"2026-06-03T07:55:00","50.0","59.0","2654.0","85.0","35.33","40.27"
"2026-06-03T08:00:00","45.0","55.0","2321.0","84.9","10.56","40.27"
"2026-06-03T08:05:00","43.0","52.0","1934.0","84.8","21.37","40.27"
"2026-06-03T08:10:00","44.0","51.0","1921.0","84.8","16.41","40.27"
"2026-06-03T08:15:00","38.0","49.0","1937.0","84.7","18.7","40.26"
"2026-06-03T08:20:00","35.0","51.0","1872.0","84.6","37.31","40.26"
"2026-06-03T08:25:00","32.0","47.0","1709.0","84.5","33.14","40.26"
"2026-06-03T08:30:00","40.0","53.0","2290.0","84.3","8.3","40.25"
"2026-06-03T08:35:00","41.0","55.0","2498.0","84.3","48.03","40.25"
"2026-06-03T08:40:00","45.0","57.0","2645.0","84.2","19.24","40.25"
"2026-06-03T08:45:00","50.0","57.0","2466.0","84.1","12.77","40.24"
"2026-06-03T08:50:00","49.0","60.0","2793.0","84.1","51.96","40.24"
"2026-06-03T08:55:00","51.0","55.0","2461.0","84.0","55.32","40.24"
"2026-06-03T09:00:00","44.0","59.0","2845.0","84.0","24.65","40.24"
"2026-06-03T09:05:00","40.0","54.0","2401.0","83.9","49.61","40.23"
"2026-06-03T09:10:00","38.0","51.0","1892.0","83.8","46.72","40.23"
"2026-06-03T09:15:00","42.0","52.0","2101.0","83.8","53.87","40.23"
"2026-06-03T09:20:00","50.0","62.0","2836.0","83.7","49.34","40.22"
"2026-06-03T09:25:00","52.0","53.0","2213.0","83.6","54.35","40.22"
"2026-06-03T09:30:00","42.0","53.0","2194.0","83.5","24.39","40.22"
"2026-06-03T09:35:00","43.0","54.0","2287.0","83.4","48.14","40.22"
"2026-06-03T09:40:00","39.0","52.0","2090.0","83.3","25.81","40.21"
"2026-06-03T09:45:00","33.0","51.0","2070.0","83.1","13.32","40.21"
"2026-06-03T09:50:00","42.0","50.0","1786.0","83.1","31.18","40.21"
"2026-06-03T09:55:00","48.0","58.0","2675.0","82.9","30.81","40.2"
"2026-06-03T10:00:00","37.0","51.0","1928.0","100.0","26.3","40.2"
"2026-06-03T10:05:00","28.0","45.0","1530.0","99.9","11.19","40.2"
"2026-06-03T10:10:00","23.0","45.0","1552.0","99.8","11.41","40.19"
"2026-06-03T10:15:00","18.0","44.0","1346.0","99.7","7.43","40.19"
"2026-06-03T10:20:00","18.0","39.0","1000.0","99.6","5.15","40.19"
"2026-06-03T10:25:00","19.0","43.0","1233.0","99.6","10.26","40.19"
"2026-06-03T10:30:00","19.0","43.0","1164.0","99.5","17.72","40.18"
"2026-06-03T10:35:00","19.0","45.0","1447.0","99.4","5.74","40.18"
"2026-06-03T10:40:00","19.0","47.0","1633.0","99.3","11.38","40.18"
"2026-06-03T10:45:00","18.0","40.0","1021.0","99.2","18.43","40.17"
"2026-06-03T10:50:00","18.0","42.0","1115.0","99.1","7.05","40.17"
"2026-06-03T10:55:00","15.0","37.0","1000.0","99.0","14.53","40.17"
"2026-06-03T11:00:00","12.0","39.0","1000.0","98.9","8.54","40.16"
"2026-06-03T11:05:00","13.0","39.0","1060.0","98.8","15.58","40.16"
"2026-06-03T11:10:00","13.0","41.0","1000.0","98.7","6.44","40.16"
"2026-06-03T11:15:00","13.0","41.0","1000.0","98.7","6.84","40.16"
"2026-06-03T11:20:00","11.0","38.0","1000.0","98.6","2.95","40.15"
"2026-06-03T11:25:00","10.0","42.0","1090.0","98.5","9.92","40.15"
"2026-06-03T11:30:00","10.0","37.0","1010.0","98.4","8.87","40.15"
"2026-06-03T11:35:00","11.0","39.0","1000.0","98.3","9.78","40.14"
"2026-06-03T11:40:00","11.0","43.0","1125.0","98.2","8.84","40.14"
"2026-06-03T11:45:00","14.0","41.0","1185.0","98.1","17.35","40.14"
"2026-06-03T11:50:00","15.0","38.0","1000.0","98.0","8.86","40.13"
"2026-06-03T11:55:00","14.0","39.0","1000.0","98.0","12.02","40.13"
"2026-06-03T12:00:00","12.0","41.0","1000.0","97.9","9.91","40.13"
"2026-06-03T12:05:00","13.0","43.0","1368.0","97.8","14.92","40.12"
"2026-06-03T12:10:00","14.0","42.0","1132.0","97.7","18.18","40.12"
"2026-06-03T12:15:00","12.0","37.0","1000.0","97.6","9.95","40.12"
"2026-06-03T12:20:00","11.0","38.0","1114.0","97.6","5.69","40.12"
"2026-06-03T12:25:00","14.0","42.0","1125.0","97.5","16.67","40.11"
"2026-06-03T12:30:00","13.0","42.0","1328.0","97.5","17.31","40.11"
"2026-06-03T12:35:00","15.0","37.0","1054.0","97.3","11.64","40.11"
"2026-06-03T12:40:00","15.0","44.0","1234.0","97.2","17.57","40.1"
"2026-06-03T12:45:00","16.0","43.0","1356.0","97.1","19.68","40.1"
"2026-06-03T12:50:00","17.0","39.0","1113.0","97.0","13.06","40.1"
"2026-06-03T12:55:00","15.0","42.0","1151.0","97.0","19.66","40.09"
"2026-06-03T13:00:00","15.0","38.0","1128.0","96.9","4.42","40.09"
"2026-06-03T13:05:00","18.0","41.0","1112.0","96.9","11.42","40.09"
"2026-06-03T13:10:00","16.0","41.0","1128.0","96.8","15.43","40.09"
"2026-06-03T13:15:00","18.0","40.0","1127.0","96.7","20.55","40.08"
"2026-06-03T13:20:00","15.0","38.0","1053.0","96.6","10.57","40.08"
"2026-06-03T13:25:00","15.0","44.0","1359.0","96.4","12.39","40.08"
"2026-06-03T13:30:00","16.0","38.0","1026.0","96.4","13.34","40.07"
"2026-06-03T13:35:00","18.0","41.0","1029.0","96.3","24.43","40.07"
"2026-06-03T13:40:00","16.0","40.0","1000.0","96.2","5.47","40.07"
"2026-06-03T13:45:00","15.0","43.0","1397.0","96.1","4.26","40.06"
"2026-06-03T13:50:00","14.0","43.0","1303.0","96.1","17.92","40.06"
"2026-06-03T13:55:00","17.0","44.0","1271.0","96.0","16.06","40.06"
"2026-06-03T14:00:00","15.0","40.0","1000.0","95.9","18.55","40.06"
"2026-06-03T14:05:00","13.0","36.0","1000.0","95.8","3.61","40.05"
"2026-06-03T14:10:00","24.0","41.0","1052.0","95.8","10.54","40.05"
"2026-06-03T14:15:00","24.0","49.0","1867.0","95.7","15.94","40.05"
"2026-06-03T14:20:00","25.0","47.0","1538.0","95.6","13.78","40.04"
"2026-06-03T14:25:00","28.0","45.0","1514.0","95.5","21.71","40.04"
"2026-06-03T14:30:00","30.0","51.0","2063.0","95.5","41.56","40.04"
"2026-06-03T14:35:00","36.0","51.0","2068.0","95.4","33.26","40.03"
"2026-06-03T14:40:00","40.0","53.0","2175.0","95.3","12.85","40.03"
"2026-06-03T14:45:00","41.0","52.0","2085.0","95.2","49.88","40.03"
"2026-06-03T14:50:00","39.0","51.0","1871.0","95.1","16.8","40.03"
"2026-06-03T14:55:00","42.0","53.0","2232.0","95.0","30.95","40.02"
"2026-06-03T15:00:00","44.0","54.0","2206.0","94.9","34.64","40.02"
"2026-06-03T15:05:00","43.0","53.0","2275.0","94.8","15.59","40.02"
"2026-06-03T15:10:00","43.0","51.0","1930.0","94.7","57.22","40.01"
"2026-06-03T15:15:00","45.0","56.0","2428.0","94.6","29.61","40.01"
"2026-06-03T15:20:00","39.0","51.0","1914.0","94.5","39.47","40.01"
"2026-06-03T15:25:00","37.0","55.0","2383.0","94.5","16.52","40.01"
"2026-06-03T15:30:00","36.0","50.0","1793.0","94.4","11.4","40.0"
"2026-06-03T15:35:00","41.0","53.0","2140.0","94.2","42.18","40.0"
"2026-06-03T15:40:00","41.0","52.0","2100.0","94.1","31.1","40.0"
"2026-06-03T15:45:00","43.0","54.0","2120.0","94.1","40.67","39.99"
"2026-06-03T15:50:00","41.0","50.0","1858.0","94.1","37.2","39.99"
"2026-06-03T15:55:00","39.0","52.0","1944.0","94.0","25.38","39.99"
"2026-06-03T16:00:00","42.0","53.0","2264.0","93.9","24.78","39.98"
"2026-06-03T16:05:00","42.0","57.0","2486.0","93.8","38.73","39.98"
"2026-06-03T16:10:00","45.0","54.0","2186.0","93.7","59.89","39.98"
"2026-06-03T16:15:00","42.0","53.0","2105.0","93.6","43.79","39.98"
"2026-06-03T16:20:00","45.0","54.0","2115.0","93.5","17.18","39.97"
"2026-06-03T16:25:00","48.0","54.0","2305.0","93.3","35.78","39.97"
"2026-06-03T16:30:00","42.0","53.0","2085.0","93.3","37.65","39.97"
"2026-06-03T16:35:00","42.0","53.0","2271.0","93.2","38.16","39.96"
"2026-06-03T16:40:00","40.0","55.0","2349.0","93.1","23.47","39.96"
"2026-06-03T16:45:00","43.0","55.0","2310.0","92.9","17.97","39.96"
"2026-06-03T16:50:00","40.0","55.0","2445.0","92.8","18.93","39.95"
"2026-06-03T16:55:00","36.0","50.0","1832.0","92.7","25.52","39.95"
"2026-06-03T17:00:00","37.0","47.0","1630.0","92.6","21.43","39.95"
"2026-06-03T17:05:00","38.0","51.0","2062.0","92.6","44.54","39.95"
"2026-06-03T17:10:00","35.0","49.0","1739.0","92.4","10.52","39.94"
"2026-06-03T17:15:00","32.0","50.0","2013.0","92.4","8.38","39.94"
"2026-06-03T17:20:00","30.0","50.0","1962.0","92.2","21.28","39.94"
"2026-06-03T17:25:00","29.0","46.0","1564.0","92.2","10.95","39.93"
"2026-06-03T17:30:00","28.0","51.0","2065.0","92.1","15.63","39.93"
"2026-06-03T17:35:00","28.0","47.0","1594.0","92.0","28.56","39.93"
"2026-06-03T17:40:00","32.0","50.0","1841.0","91.9","21.37","39.92"
"2026-06-03T17:45:00","32.0","51.0","2111.0","91.7","19.34","39.92"
"2026-06-03T17:50:00","34.0","46.0","1531.0","91.7","30.54","39.92"
"2026-06-03T17:55:00","38.0","56.0","2457.0","91.7","42.56","39.91"
"2026-06-03T18:00:00","39.0","53.0","2314.0","91.6","11.17","39.91"
"2026-06-03T18:05:00","37.0","53.0","2178.0","91.5","11.15","39.91"
"2026-06-03T18:10:00","39.0","57.0","2403.0","91.4","10.34","39.91"
"2026-06-03T18:15:00","36.0","51.0","2087.0","91.4","19.36","39.9"
"2026-06-03T18:20:00","44.0","51.0","1897.0","91.3","58.81","39.9"
"2026-06-03T18:25:00","53.0","54.0","2130.0","91.3","44.91","39.9"
"2026-06-03T18:30:00","59.0","60.0","2675.0","91.2","28.58","39.89"
"2026-06-03T18:35:00","64.0","60.0","2930.0","91.2","61.46","39.89"
"2026-06-03T18:40:00","64.0","64.0","3079.0","91.1","21.4","39.89"
"2026-06-03T18:45:00","67.0","65.0","3120.0","91.0","37.14","39.88"
"2026-06-03T18:50:00","71.0","65.0","3359.0","91.0","49.4","39.88"
"2026-06-03T18:55:00","70.0","67.0","3339.0","90.9","96.12","39.88"
"2026-06-03T19:00:00","71.0","69.0","3628.0","90.9","92.08","39.88"
"2026-06-03T19:05:00","75.0","67.0","3458.0","90.8","78.22","39.87"
"2026-06-03T19:10:00","75.0","66.0","3306.0","90.7","41.92","39.87"
"2026-06-03T19:15:00","70.0","68.0","3422.0","90.6","84.07","39.87"
"2026-06-03T19:20:00","67.0","67.0","3330.0","90.6","50.25","39.86"
"2026-06-03T19:25:00","68.0","64.0","3109.0","90.5","32.93","39.86"
"2026-06-03T19:30:00","68.0","65.0","3115.0","90.5","93.03","39.86"
"2026-06-03T19:35:00","74.0","68.0","3402.0","90.4","69.64","39.85"
"2026-06-03T19:40:00","78.0","72.0","3765.0","90.3","44.98","39.85"
"2026-06-03T19:45:00","80.0","67.0","3288.0","90.3","96.79","39.85"
"2026-06-03T19:50:00","75.0","69.0","3507.0","90.2","86.98","39.85"
"2026-06-03T19:55:00","74.0","69.0","3748.0","90.0","36.99","39.84"
"2026-06-03T20:00:00","79.0","72.0","3816.0","89.9","25.98","39.84"
"2026-06-03T20:05:00","76.0","71.0","3855.0","89.9","37.39","39.84"
"2026-06-03T20:10:00","72.0","64.0","3061.0","89.9","39.32","39.83"
"2026-06-03T20:15:00","72.0","68.0","3521.0","89.8","34.71","39.83"
"2026-06-03T20:20:00","76.0","70.0","3692.0","89.7","33.7","39.83"
"2026-06-03T20:25:00","77.0","68.0","3508.0","89.6","56.33","39.83"
"2026-06-03T20:30:00","80.0","72.0","4021.0","89.5","33.63","39.82"
"2026-06-03T20:35:00","84.0","76.0","4257.0","89.4","19.46","39.82"
"2026-06-03T20:40:00","87.0","71.0","3761.0","89.3","63.19","39.82"
"2026-06-03T20:45:00","79.0","74.0","4042.0","89.2","29.7","39.81"
"2026-06-03T20:50:00","80.0","68.0","3442.0","89.2","107.35","39.81"
"2026-06-03T20:55:00","84.0","73.0","4107.0","89.1","38.71","39.81"
"2026-06-03T21:00:00","81.0","71.0","3781.0","89.1","46.4","39.8"
"2026-06-03T21:05:00","84.0","75.0","4057.0","89.0","35.97","39.8"
"2026-06-03T21:10:00","82.0","72.0","3890.0","89.0","62.04","39.8"
"2026-06-03T21:15:00","76.0","71.0","3909.0","88.9","70.9","39.8"
"2026-06-03T21:20:00","76.0","70.0","3746.0","88.8","86.75","39.79"
"2026-06-03T21:25:00","73.0","68.0","3630.0","88.8","89.65","39.79"
"2026-06-03T21:30:00","76.0","66.0","3361.0","88.7","93.2","39.79"
"2026-06-03T21:35:00","74.0","67.0","3354.0","88.7","90.08","39.78"
"2026-06-03T21:40:00","73.0","69.0","3463.0","88.5","59.79","39.78"
"2026-06-03T21:45:00","79.0","68.0","3545.0","88.4","92.17","39.78"
"2026-06-03T21:50:00","75.0","71.0","3726.0","88.3","93.84","39.77"
"2026-06-03T21:55:00","81.0","69.0","3470.0","88.3","43.62","39.77"
"2026-06-03T22:00:00","81.0","68.0","3408.0","88.2","51.93","39.77"
"2026-06-03T22:05:00","81.0","72.0","3812.0","88.1","42.51","39.77"
"2026-06-03T22:10:00","82.0","72.0","3914.0","88.0","72.65","39.76"
"2026-06-03T22:15:00","76.0","70.0","3654.0","87.9","22.31","39.76"
"2026-06-03T22:20:00","75.0","68.0","3374.0","87.8","49.63","39.76"
"2026-06-03T22:25:00","74.0","65.0","3223.0","87.7","40.46","39.75"
"2026-06-03T22:30:00","61.0","65.0","3380.0","87.6","69.08","39.75"
"2026-06-03T22:35:00","56.0","62.0","2908.0","87.5","29.89","39.75"
"2026-06-03T22:40:00","50.0","59.0","2591.0","87.4","51.11","39.74"
"2026-06-03T22:45:00","53.0","56.0","2403.0","87.3","40.33","39.74"
"2026-06-03T22:50:00","50.0","62.0","2923.0","87.3","15.63","39.74"
"2026-06-03T22:55:00","45.0","53.0","2308.0","87.2","37.45","39.73"
"2026-06-03T23:00:00","46.0","55.0","2329.0","87.1","57.72","39.73"
"2026-06-03T23:05:00","45.0","57.0","2649.0","87.0","56.24","39.73"
"2026-06-03T23:10:00","46.0","58.0","2493.0","86.9","36.47","39.73"
"2026-06-03T23:15:00","46.0","57.0","2647.0","86.8","45.3","39.72"
"2026-06-03T23:20:00","49.0","52.0","2114.0","86.7","36.52","39.72"
"2026-06-03T23:25:00","40.0","56.0","2405.0","86.6","47.62","39.72"
"2026-06-03T23:30:00","46.0","56.0","2295.0","86.5","34.72","39.71"
"2026-06-03T23:35:00","48.0","57.0","2483.0","86.4","38.9","39.71"
"2026-06-03T23:40:00","53.0","57.0","2518.0","86.3","29.2","39.71"
"2026-06-03T23:45:00","49.0","60.0","2894.0","86.3","63.1","39.7"
"2026-06-03T23:50:00","42.0","51.0","2064.0","86.2","34.01","39.7"
"2026-06-03T23:55:00","41.0","50.0","2006.0","86.1","10.49","39.7"
"2026-06-04T00:00:00","46.0","52.0","2197.0","86.0","20.47","39.7"
"2026-06-04T00:05:00","39.0","55.0","2374.0","86.0","54.3","39.69"
"2026-06-04T00:10:00","48.0","57.0","2535.0","85.8","33.94","39.69"
"2026-06-04T00:15:00","50.0","60.0","2864.0","85.7","54.47","39.69"
"2026-06-04T00:20:00","42.0","54.0","2125.0","85.7","50.7","39.68"
"2026-06-04T00:25:00","40.0","53.0","2087.0","85.6","38.82","39.68"
"2026-06-04T00:30:00","43.0","57.0","2382.0","85.5","57.98","39.68"
"2026-06-04T00:35:00","41.0","53.0","2279.0","85.4","16.59","39.67"
"2026-06-04T00:40:00","46.0","53.0","2141.0","85.3","54.71","39.67"
"2026-06-04T00:45:00","43.0","56.0","2300.0","85.2","13.08","39.67"
"2026-06-04T00:50:00","45.0","55.0","2456.0","85.1","49.42","39.67"
"2026-06-04T00:55:00","42.0","56.0","2495.0","85.0","36.71","39.66"
"2026-06-04T01:00:00","37.0","51.0","2074.0","84.9","27.87","39.66"
"2026-06-04T01:05:00","31.0","50.0","1862.0","84.8","15.44","39.66"
"2026-06-04T01:10:00","31.0","52.0","2029.0","84.6","21.33","39.65"
"2026-06-04T01:15:00","39.0","54.0","2261.0","84.6","20.59","39.65"
"2026-06-04T01:20:00","45.0","56.0","2563.0","84.5","24.41","39.65"
"2026-06-04T01:25:00","50.0","58.0","2592.0","84.4","63.2","39.65"
"2026-06-04T01:30:00","47.0","60.0","2650.0","84.4","27.8","39.64"
"2026-06-04T01:35:00","49.0","57.0","2506.0","84.2","36.34","39.64"
"2026-06-04T01:40:00","48.0","58.0","2483.0","84.2","28.4","39.64"
"2026-06-04T01:45:00","50.0","59.0","2577.0","84.2","28.41","39.63"
"2026-06-04T01:50:00","43.0","56.0","2380.0","84.1","16.85","39.63"
"2026-06-04T01:55:00","42.0","50.0","1846.0","84.0","56.49","39.63"
"2026-06-04T02:00:00","38.0","55.0","2451.0","83.9","44.24","39.62"
"2026-06-04T02:05:00","39.0","56.0","2369.0","83.7","25.57","39.62"
"2026-06-04T02:10:00","48.0","60.0","2850.0","83.7","11.29","39.62"
"2026-06-04T02:15:00","47.0","58.0","2476.0","83.6","32.56","39.62"
"2026-06-04T02:20:00","49.0","55.0","2383.0","83.5","50.47","39.61"
"2026-06-04T02:25:00","47.0","53.0","2192.0","83.3","29.86","39.61"
"2026-06-04T02:30:00","47.0","54.0","2386.0","83.3","56.84","39.61"
"2026-06-04T02:35:00","47.0","57.0","2384.0","83.2","58.39","39.6"
"2026-06-04T02:40:00","38.0","52.0","2121.0","100.0","34.43","39.6"
"2026-06-04T02:45:00","30.0","49.0","1691.0","99.9","22.21","39.6"
"2026-06-04T02:50:00","25.0","42.0","1321.0","99.9","19.41","39.59"
"2026-06-04T02:55:00","19.0","47.0","1653.0","99.8","16.91","39.59"
"2026-06-04T03:00:00","20.0","41.0","1230.0","99.7","12.62","39.59"
"2026-06-04T03:05:00","17.0","42.0","1241.0","99.6","23.68","39.59"
"2026-06-04T03:10:00","17.0","41.0","1149.0","99.5","6.51","39.58"
"2026-06-04T03:15:00","18.0","45.0","1378.0","99.4","9.51","39.58"
"2026-06-04T03:20:00","20.0","46.0","1536.0","99.4","4.3","39.58"
"2026-06-04T03:25:00","18.0","45.0","1481.0","99.3","16.0","39.57"
"2026-06-04T03:30:00","20.0","46.0","1612.0","99.2","6.35","39.57"
"2026-06-04T03:35:00","20.0","44.0","1292.0","99.2","26.86","39.57"
"2026-06-04T03:40:00","18.0","42.0","1058.0","99.1","13.04","39.56"
"2026-06-04T03:45:00","18.0","41.0","1186.0","99.0","11.57","39.56"
"2026-06-04T03:50:00","17.0","42.0","1317.0","98.9","19.59","39.56"
"2026-06-04T03:55:00","19.0","40.0","1149.0","98.8","18.1","39.55"
"2026-06-04T04:00:00","18.0","44.0","1510.0","98.7","5.49","39.55"
"2026-06-04T04:05:00","20.0","44.0","1223.0","98.6","14.71","39.55"
"2026-06-04T04:10:00","19.0","45.0","1570.0","98.6","12.78","39.55"
"2026-06-04T04:15:00","16.0","40.0","1000.0","98.5","15.97","39.54"
"2026-06-04T04:20:00","17.0","43.0","1258.0","98.5","16.86","39.54"
"2026-06-04T04:25:00","17.0","41.0","1218.0","98.5","22.42","39.54"
"2026-06-04T04:30:00","16.0","41.0","1000.0","98.3","8.61","39.53"
"2026-06-04T04:35:00","14.0","39.0","1000.0","98.3","10.99","39.53"
"2026-06-04T04:40:00","12.0","43.0","1239.0","98.2","5.7","39.53"
"2026-06-04T04:45:00","15.0","38.0","1116.0","98.1","18.77","39.52"
"2026-06-04T04:50:00","13.0","41.0","1061.0","98.1","15.5","39.52"
"2026-06-04T04:55:00","13.0","41.0","1151.0","98.0","17.88","39.52"
"2026-06-04T05:00:00","16.0","38.0","1129.0","97.9","21.19","39.52"
"2026-06-04T05:05:00","14.0","39.0","1114.0","97.7","3.41","39.51"
"2026-06-04T05:10:00","16.0","44.0","1230.0","97.7","16.8","39.51"
"2026-06-04T05:15:00","17.0","39.0","1041.0","97.5","21.85","39.51"
"2026-06-04T05:20:00","17.0","39.0","1000.0","97.5","8.79","39.5"
"2026-06-04T05:25:00","19.0","45.0","1414.0","97.4","11.25","39.5"
"2026-06-04T05:30:00","17.0","44.0","1430.0","97.4","16.9","39.5"
"2026-06-04T05:35:00","18.0","43.0","1399.0","97.3","15.48","39.49"
"2026-06-04T05:40:00","17.0","41.0","1181.0","97.2","11.82","39.49"
"2026-06-04T05:45:00","15.0","45.0","1521.0","97.2","13.76","39.49"
"2026-06-04T05:50:00","16.0","47.0","1752.0","97.1","19.66","39.49"
"2026-06-04T05:55:00","15.0","39.0","1091.0","97.1","4.8","39.48"
"2026-06-04T06:00:00","14.0","38.0","1085.0","97.0","4.72","39.48"
"2026-06-04T06:05:00","15.0","42.0","1161.0","97.0","9.61","39.48"
"2026-06-04T06:10:00","16.0","40.0","1000.0","96.9","16.05","39.47"
"2026-06-04T06:15:00","17.0","45.0","1422.0","96.9","8.2","39.47"
"2026-06-04T06:20:00","19.0","39.0","1041.0","96.9","7.33","39.47"
"2026-06-04T06:25:00","15.0","37.0","1000.0","96.8","12.66","39.47"
"2026-06-04T06:30:00","15.0","44.0","1509.0","96.7","19.52","39.46"
"2026-06-04T06:35:00","14.0","43.0","1417.0","96.6","6.26","39.46"
"2026-06-04T06:40:00","15.0","38.0","1053.0","96.5","16.02","39.46"
"2026-06-04T06:45:00","14.0","42.0","1315.0","96.4","12.11","39.45"
"2026-06-04T06:50:00","24.0","49.0","1694.0","96.3","18.0","39.45"
"2026-06-04T06:55:00","26.0","46.0","1514.0","96.1","34.91","39.45"
"2026-06-04T07:00:00","26.0","50.0","1853.0","96.0","27.2","39.44"
"2026-06-04T07:05:00","28.0","48.0","1633.0","96.0","37.18","39.44"
"2026-06-04T07:10:00","35.0","49.0","1871.0","96.0","32.49","39.44"
"2026-06-04T07:15:00","32.0","51.0","1937.0","95.8","15.49","39.44"
"2026-06-04T07:20:00","30.0","48.0","1585.0","95.8","35.32","39.43"
"2026-06-04T07:25:00","36.0","52.0","2210.0","95.7","10.04","39.43"
"2026-06-04T07:30:00","37.0","53.0","2215.0","95.7","35.19","39.43"
"2026-06-04T07:35:00","42.0","53.0","2254.0","95.6","19.71","39.42"
"2026-06-04T07:40:00","37.0","52.0","2180.0","95.6","11.93","39.42"
"2026-06-04T07:45:00","36.0","51.0","1934.0","95.5","50.09","39.42"
"2026-06-04T07:50:00","38.0","54.0","2327.0","95.5","33.96","39.41"
"2026-06-04T07:55:00","41.0","56.0","2516.0","95.4","27.98","39.41"
"2026-06-04T08:00:00","43.0","52.0","2160.0","95.4","8.67","39.41"
"2026-06-04T08:05:00","45.0","53.0","2070.0","95.3","48.32","39.41"
"2026-06-04T08:10:00","45.0","55.0","2293.0","95.2","28.97","39.4"
"2026-06-04T08:15:00","40.0","56.0","2324.0","95.1","41.54","39.4"
"2026-06-04T08:20:00","43.0","52.0","2019.0","95.0","30.5","39.4"
"2026-06-04T08:25:00","38.0","53.0","2315.0","94.8","24.75","39.39"
"2026-06-04T08:30:00","37.0","51.0","1990.0","94.7","39.3","39.39"
"2026-06-04T08:35:00","39.0","51.0","2072.0","94.7","52.94","39.39"
"2026-06-04T08:40:00","38.0","49.0","1880.0","94.6","8.16","39.38"
"2026-06-04T08:45:00","37.0","50.0","1997.0","94.6","18.54","39.38"
"2026-06-04T08:50:00","33.0","52.0","2180.0","94.5","25.13","39.38"
"2026-06-04T08:55:00","38.0","55.0","2262.0","94.4","22.5","39.38"
"2026-06-04T09:00:00","35.0","54.0","2129.0","94.2","41.92","39.37"
"2026-06-04T09:05:00","38.0","52.0","1982.0","94.1","45.49","39.37"
"2026-06-04T09:10:00","34.0","49.0","1949.0","94.0","29.18","39.37"
"2026-06-04T09:15:00","40.0","50.0","1834.0","93.9","24.22","39.36"
"2026-06-04T09:20:00","38.0","52.0","2109.0","93.8","14.28","39.36"
"2026-06-04T09:25:00","34.0","48.0","1814.0","93.7","36.11","39.36"
"2026-06-04T09:30:00","38.0","54.0","2216.0","93.7","43.03","39.35"
"2026-06-04T09:35:00","39.0","52.0","2035.0","93.5","47.61","39.35"
"2026-06-04T09:40:00","36.0","49.0","1730.0","93.5","9.98","39.35"
"2026-06-04T09:45:00","35.0","54.0","2272.0","93.4","43.94","39.34"
"2026-06-04T09:50:00","33.0","52.0","2152.0","93.4","19.04","39.34"
"2026-06-04T09:55:00","39.0","50.0","2049.0","93.3","13.26","39.34"
"2026-06-04T10:00:00","38.0","49.0","1737.0","93.3","38.07","39.34"
"2026-06-04T10:05:00","35.0","48.0","1849.0","93.2","7.43","39.33"
"2026-06-04T10:10:00","33.0","48.0","1604.0","93.1","25.38","39.33"
"2026-06-04T10:15:00","36.0","52.0","2172.0","93.0","41.04","39.33"
"2026-06-04T10:20:00","33.0","52.0","2119.0","92.9","32.07","39.32"
"2026-06-04T10:25:00","38.0","52.0","2016.0","92.8","37.08","39.32"
"2026-06-04T10:30:00","39.0","53.0","2092.0","92.7","22.44","39.32"
"2026-06-04T10:35:00","43.0","52.0","1953.0","92.7","55.64","39.31"
"2026-06-04T10:40:00","38.0","55.0","2343.0","92.6","41.39","39.31"
"2026-06-04T10:45:00","39.0","55.0","2481.0","92.5","42.34","39.31"
"2026-06-04T10:50:00","38.0","50.0","1906.0","92.4","39.29","39.31"
"2026-06-04T10:55:00","35.0","49.0","1897.0","92.3","46.84","39.3"
"2026-06-04T11:00:00","44.0","57.0","2509.0","92.2","41.29","39.3"
"2026-06-04T11:05:00","57.0","59.0","2574.0","92.2","37.23","39.3"
"2026-06-04T11:10:00","63.0","62.0","3049.0","92.1","73.65","39.29"
"2026-06-04T11:15:00","70.0","66.0","3259.0","92.0","60.83","39.29"
"2026-06-04T11:20:00","75.0","72.0","3856.0","91.9","79.06","39.29"
"2026-06-04T11:25:00","77.0","69.0","3718.0","91.9","51.16","39.28"
"2026-06-04T11:30:00","77.0","74.0","4049.0","91.8","35.84","39.28"
"2026-06-04T11:35:00","74.0","72.0","3816.0","91.7","52.86","39.28"
"2026-06-04T11:40:00","73.0","68.0","3403.0","91.6","19.02","39.28"
"2026-06-04T11:45:00","70.0","71.0","3654.0","91.5","34.92","39.27"
"2026-06-04T11:50:00","75.0","66.0","3398.0","91.5","59.23","39.27"
"2026-06-04T11:55:00","71.0","68.0","3618.0","91.3","88.65","39.27"
"2026-06-04T12:00:00","69.0","66.0","3320.0","91.2","29.93","39.26"
"2026-06-04T12:05:00","68.0","64.0","3244.0","91.1","81.58","39.26"
"2026-06-04T12:10:00","66.0","63.0","3003.0","91.0","60.66","39.26"
"2026-06-04T12:15:00","65.0","63.0","2921.0","90.9","21.02","39.26"
"2026-06-04T12:20:00","68.0","64.0","3063.0","90.8","39.05","39.25"
"2026-06-04T12:25:00","68.0","70.0","3683.0","90.8","74.82","39.25"
"2026-06-04T12:30:00","73.0","71.0","3849.0","90.6","82.89","39.25"
"2026-06-04T12:35:00","74.0","68.0","3574.0","90.6","101.29","39.24"
"2026-06-04T12:40:00","70.0","67.0","3345.0","90.6","93.93","39.24"
"2026-06-04T12:45:00","75.0","69.0","3736.0","90.5","21.28","39.24"
"2026-06-04T12:50:00","80.0","74.0","4033.0","90.5","68.6","39.23"
"2026-06-04T12:55:00","80.0","74.0","3933.0","90.4","51.23","39.23"
"2026-06-04T13:00:00","83.0","72.0","3776.0","90.4","21.59","39.23"
"2026-06-04T13:05:00","82.0","73.0","3882.0","90.3","92.94","39.23"
"2026-06-04T13:10:00","84.0","75.0","4251.0","90.2","51.51","39.22"
"2026-06-04T13:15:00","86.0","76.0","4292.0","90.1","20.79","39.22"
"2026-06-04T13:20:00","88.0","74.0","4147.0","90.0","23.81","39.22"
"2026-06-04T13:25:00","82.0","76.0","4348.0","89.9","85.1","39.21"
"2026-06-04T13:30:00","80.0","73.0","3937.0","89.9","86.13","39.21"
"2026-06-04T13:35:00","75.0","70.0","3796.0","89.8","35.81","39.21"
"2026-06-04T13:40:00","79.0","75.0","4285.0","89.7","85.38","39.2"
"2026-06-04T13:45:00","82.0","74.0","4176.0","89.6","30.54","39.2"
"2026-06-04T13:50:00","75.0","67.0","3318.0","89.5","41.3","39.2"
"2026-06-04T13:55:00","72.0","68.0","3496.0","89.4","36.67","39.2"
"2026-06-04T14:00:00","78.0","68.0","3630.0","89.4","49.05","39.19"
"2026-06-04T14:05:00","75.0","66.0","3231.0","89.4","16.56","39.19"
"2026-06-04T14:10:00","79.0","70.0","3638.0","89.3","38.18","39.19"
"2026-06-04T14:15:00","78.0","74.0","3989.0","89.2","108.2","39.18"
"2026-06-04T14:20:00","75.0","69.0","3717.0","89.1","23.26","39.18"
"2026-06-04T14:25:00","72.0","68.0","3543.0","89.0","55.41","39.18"
"2026-06-04T14:30:00","68.0","70.0","3773.0","89.0","21.69","39.17"
"2026-06-04T14:35:00","66.0","67.0","3284.0","88.8","35.89","39.17"
"2026-06-04T14:40:00","72.0","65.0","3170.0","88.7","52.38","39.17"
"2026-06-04T14:45:00","78.0","72.0","3936.0","88.6","89.27","39.16"
"2026-06-04T14:50:00","81.0","69.0","3722.0","88.5","59.93","39.16"
"2026-06-04T14:55:00","82.0","71.0","3863.0","88.5","20.73","39.16"
"2026-06-04T15:00:00","81.0","76.0","4390.0","88.5","92.99","39.16"
"2026-06-04T15:05:00","84.0","71.0","3707.0","88.3","93.1","39.15"
"2026-06-04T15:10:00","71.0","64.0","3101.0","88.3","42.8","39.15"
"2026-06-04T15:15:00","70.0","69.0","3545.0","88.2","48.46","39.15"
"2026-06-04T15:20:00","60.0","60.0","2709.0","88.2","35.9","39.14"
"2026-06-04T15:25:00","48.0","54.0","2202.0","88.1","31.6","39.14"
"2026-06-04T15:30:00","42.0","56.0","2549.0","88.0","24.65","39.14"
"2026-06-04T15:35:00","45.0","55.0","2211.0","88.0","59.35","39.13"
"2026-06-04T15:40:00","45.0","54.0","2339.0","87.9","43.81","39.13"
"2026-06-04T15:45:00","41.0","54.0","2399.0","87.8","19.74","39.13"
"2026-06-04T15:50:00","42.0","53.0","2106.0","87.8","31.63","39.13"
"2026-06-04T15:55:00","36.0","54.0","2331.0","87.7","35.37","39.12"
"2026-06-04T16:00:00","45.0","53.0","2105.0","87.6","32.71","39.12"
"2026-06-04T16:05:00","40.0","50.0","1773.0","87.5","45.86","39.12"
"2026-06-04T16:10:00","47.0","57.0","2630.0","87.4","46.9","39.11"
"2026-06-04T16:15:00","38.0","51.0","2106.0","87.2","10.94","39.11"
"2026-06-04T16:20:00","34.0","54.0","2265.0","87.2","16.49","39.11"
"2026-06-04T16:25:00","30.0","49.0","1858.0","87.1","35.61","39.1"
"2026-06-04T16:30:00","28.0","48.0","1812.0","86.9","15.48","39.1"
"2026-06-04T16:35:00","36.0","50.0","1897.0","86.9","36.54","39.1"
"2026-06-04T16:40:00","39.0","52.0","2104.0","86.8","46.62","39.1"
"2026-06-04T16:45:00","38.0","48.0","1629.0","86.7","34.06","39.09"
"2026-06-04T16:50:00","35.0","51.0","2094.0","86.6","33.19","39.09"
"2026-06-04T16:55:00","32.0","50.0","1765.0","86.6","37.0","39.09"
"2026-06-04T17:00:00","36.0","48.0","1800.0","86.6","21.28","39.08"
"2026-06-04T17:05:00","41.0","56.0","2433.0","86.5","31.51","39.08"
"2026-06-04T17:10:00","42.0","54.0","2294.0","86.3","25.34","39.08"
"2026-06-04T17:15:00","41.0","52.0","2228.0","86.3","55.68","39.08"
"2026-06-04T17:20:00","47.0","57.0","2612.0","86.2","25.63","39.07"
"2026-06-04T17:25:00","49.0","53.0","2209.0","86.1","65.03","39.07"
"2026-06-04T17:30:00","40.0","54.0","2260.0","86.1","31.77","39.07"
"2026-06-04T17:35:00","37.0","55.0","2428.0","86.0","9.14","39.06"
"2026-06-04T17:40:00","46.0","53.0","2100.0","86.0","39.44","39.06"
"2026-06-04T17:45:00","52.0","55.0","2229.0","85.8","22.38","39.06"
"2026-06-04T17:50:00","56.0","56.0","2418.0","85.8","74.53","39.05"
"2026-06-04T17:55:00","52.0","57.0","2533.0","85.6","30.99","39.05"
"2026-06-04T18:00:00","54.0","58.0","2647.0","85.5","36.48","39.05"
"2026-06-04T18:05:00","47.0","51.0","1847.0","85.4","38.34","39.05"
"2026-06-04T18:10:00","48.0","56.0","2420.0","85.2","23.56","39.04"
"2026-06-04T18:15:00","53.0","62.0","2835.0","85.1","52.79","39.04"
"2026-06-04T18:20:00","51.0","59.0","2760.0","85.1","21.42","39.04"
"2026-06-04T18:25:00","42.0","54.0","2240.0","85.0","11.45","39.03"
"2026-06-04T18:30:00","37.0","50.0","1977.0","84.9","15.17","39.03"
"2026-06-04T18:35:00","34.0","50.0","1886.0","84.8","35.09","39.03"
"2026-06-04T18:40:00","37.0","47.0","1589.0","84.8","44.8","39.02"
"2026-06-04T18:45:00","37.0","51.0","1893.0","84.6","31.13","39.02"
"2026-06-04T18:50:00","41.0","48.0","1581.0","84.6","52.63","39.02"
"2026-06-04T18:55:00","35.0","49.0","1884.0","84.5","15.66","39.02"
"2026-06-04T19:00:00","41.0","56.0","2371.0","84.4","32.76","39.01"
"2026-06-04T19:05:00","48.0","60.0","2740.0","84.3","66.72","39.01"
"2026-06-04T19:10:00","50.0","59.0","2571.0","84.3","23.44","39.01"
"2026-06-04T19:15:00","49.0","56.0","2454.0","84.1","25.41","39.0"
"2026-06-01T08:05:00","16.36540970095138","45.82746715408451","1293.9425181188183","97.78601942720132","4.515231791898936","42.57508314833143"
"2026-06-01T08:10:00","16.722144721484433","42.77095380564332","1302.0087104283273","102.86945435799653","12.588811711692529","41.89792914328098"
"2026-06-01T08:15:00","17.479572116140915","38.50061842987341","975.8071108149342","100.50610036495257","14.189465790539565","42.45249594784281"
"2026-06-01T08:20:00","14.638934699410475","46.29533479419031","1491.8902126688163","100.57442939077673","19.152718304276828","43.26618618011739"
"2026-06-01T08:25:00","11.933560384995042","39.93284881720411","1025.1166601157759","98.95205659461777","4.574091947424993","40.4291601955763"
"2026-06-01T08:30:00","15.427142083689853","38.90901918073998","960.7066780249224","97.67199626057096","4.9159352660453335","40.61064543167591"
"2026-06-01T08:35:00","13.96583866310643","38.979760894569196","994.6172228868801","99.91189292011607","6.170266634500237","40.4951675181726"
"2026-06-01T08:40:00","12.874302918656596","41.57160800907293","1089.8074763969194","99.21867885778667","8.966853043796858","43.54360506225658"
"2026-06-01T08:45:00","15.343722341312745","37.19540532428125","1144.0262206002576","95.36741960237315","15.774401507773774","42.187820443692246"
"2026-06-01T08:50:00","13.365600780804762","39.75341900930732","1223.5944219049254","100.2123960825009","2.6417071005328316","42.42245522754411"
"2026-06-01T08:55:00","16.70794886853719","41.46833580223081","1264.5101370271616","99.8661737830159","18.88225114244412","41.2134451542117"
"2026-06-01T09:00:00","13.999249513505868","36.64927015131086","1096.8458445272922","98.96218170602552","16.826532779294986","41.04073166009406"
"2026-06-01T09:05:00","15.178143117800175","38.87858159555361","1076.0882221018053","101.42905085416348","13.942207737193826","42.14607123959243"
"2026-06-01T09:10:00","18.33109275094915","41.37892431238535","1131.90237545956","98.29821111234824","21.880550010391108","40.39526398150312"
"2026-06-01T09:15:00","17.329929767990095","45.469528109373","1505.582948043396","99.19046189085506","9.032281477025734","42.334461158531404"
"2026-06-01T09:20:00","18.830296222225453","42.03833649780665","1247.3323316519136","98.06396303577996","20.042315661416787","43.00638193802295"
"2026-06-01T09:25:00","18.274863541766663","42.4121064857238","1180.4356642724247","96.63852453942457","7.891557841201445","42.70194237646194"
"2026-06-01T09:30:00","19.574453300990626","39.8491515429786","961.8606070314501","101.09333680311504","13.408216673622508","42.574726240932655"
"2026-06-01T09:35:00","18.566519614445184","39.87987388461819","1137.6128565598347","93.9631564735097","8.635302638929872","42.50105547401729"
"2026-06-01T09:40:00","19.70201993542825","45.05553828771513","1487.1143267231457","98.43251656298084","28.54057362184676","41.45125092793593"
"2026-06-01T09:45:00","17.261415201003587","44.367544804152914","1385.8747992369808","99.01338701228772","20.326004718287503","42.66740286196542"
"2026-06-01T09:50:00","14.083076245785591","39.250787984082","1138.4896388065413","99.8416058802172","16.506425162825405","42.03965375645646"
"2026-06-01T09:55:00","17.18973395177874","39.39877741862043","1029.921106766979","96.60381374580744","15.573924360567103","41.7768121808084"
"2026-06-01T10:00:00","16.29752430847873","40.64126610494161","1141.5996377149884","96.90035816549172","10.342457862085128","40.97020837018424"
"2026-06-01T10:05:00","16.777697188363636","44.248761571151995","1145.4561880035458","101.51649883783159","18.340254269327154","42.66571139888612"
"2026-06-01T10:10:00","15.284094208316631","39.44018108318837","1096.7502337686253","97.98542919349823","6.6755409346754755","41.07478311020923"
"2026-06-01T10:15:00","15.3117704941976","45.42299661537873","1455.763707810302","100.8713608234875","13.347962364200589","42.94624572627246"
"2026-06-01T10:20:00","16.280038693232452","38.77379654644548","1008.6666907923818","99.56561402248444","10.719082686123425","43.05760007335845"
"2026-06-01T10:25:00","18.160534886963713","42.141040491124016","1158.7632474173","96.03483783453163","10.57636415481133","40.816258610013485"
"2026-06-01T10:30:00","19.988872577913625","44.69590567161151","1346.0477443232476","95.02215479269788","22.711882455151184","43.19522821356539"
"2026-06-01T10:35:00","20.04184817035589","41.87068208422873","1284.1439130619058","98.169956290808","7.731827705590944","40.19945224110265"
"2026-06-01T10:40:00","18.391294409968726","38.1881376776814","1195.1181399165619","99.10172982864539","23.010022306727354","44.33210676795293"
"2026-06-01T10:45:00","17.82323507853163","42.38922921846795","1189.2149625784702","95.56235788124975","14.731549334032627","40.476365652641306"
"2026-06-01T10:50:00","18.798166225519","37.92994961337902","1006.0312904955235","94.86125212755088","19.131179244862466","41.96814595723339"
"2026-06-01T10:55:00","19.468855512947872","43.599064138910684","1133.0487648326214","99.52925927113488","25.676444299617316","42.45031249783093"
"2026-06-01T11:00:00","19.471458797639443","40.651933783603354","1078.0151717608642","97.23955293606437","8.364474827453263","41.41217737450815"
"2026-06-01T11:05:00","18.15603684798304","38.379086378488445","1001.2799059824629","95.46178873535324","11.11644013307436","42.6606240300991"
"2026-06-01T11:10:00","19.470441967957345","43.93762075867656","1258.5922863060123","98.83438989788178","6.337448096397449","41.31094539230162"
"2026-06-01T11:15:00","20.35438552374017","37.97330292836609","1148.4837781472029","97.48576563051753","18.333575309468014","41.59838393253628"
"2026-06-01T11:20:00","18.385327625410785","43.79339632033056","1429.4382023603061","97.89117410569871","4.89581938032295","41.9613304048358"
"2026-06-01T11:25:00","14.628343874469044","39.78773625952688","987.9372254916827","96.21748025298571","6.381499574996479","43.4241884443876"
"2026-06-01T11:30:00","14.767688523119066","40.874252939384775","1157.1667792663593","94.64179394823329","3.081707881074547","42.485766736188225"
"2026-06-01T11:35:00","11.895279296227063","36.866122591359236","1086.1847935086378","98.96992354911836","7.7952866131530225","42.752379977755055"
"2026-06-01T11:40:00","14.013968998272722","39.03926088069468","1015.3881310039774","96.2524485605359","17.98619720717454","42.20334368676589"
"2026-06-01T11:45:00","15.070420906302205","39.40558302684029","1139.8604043000796","97.92951133742575","17.555898275216126","40.89906332378829"
"2026-06-01T11:50:00","15.27531431901357","42.23135010636051","1371.1249926060075","97.96382651363614","4.0061171798984185","41.83840036520441"
"2026-06-01T11:55:00","13.867495593259589","38.33281081051677","1044.1036627512917","94.72315557327298","19.736675459587985","42.46559893864801"
"2026-06-01T12:00:00","16.266997010597255","43.26662493177042","1174.4109990448148","96.23691079492913","20.054775467577","40.96905092632311"
"2026-06-01T12:05:00","12.6571895813324","41.32417900057509","1175.8694168283878","97.54019826392059","16.342751256864037","42.205214932366836"
"2026-06-01T12:10:00","10.811399217244622","35.70873439877924","1018.6223659875446","96.44622002392865","2.245158825564248","41.009082872193716"
"2026-06-01T12:15:00","21.482540476581416","45.5241361948832","1462.624229688186","93.79746986081122","18.04917792251624","43.170799397306816"
"2026-06-01T12:20:00","30.98137416126617","50.98290021358784","1802.6144591623627","96.74111770971388","34.011556743863856","40.93035516475993"
"2026-06-01T12:25:00","36.79606052893131","53.44699162909792","2238.826834694025","93.1560977871751","24.79141917237998","42.16261797674649"
"2026-06-01T12:30:00","36.56214828939384","54.847012695446615","2184.2834811021294","96.3083408905451","35.346459446075436","41.71514794111579"
"2026-06-01T12:35:00","40.952956610809544","57.10163630382356","2326.2717276990898","91.13872379673816","25.59612898115898","40.89574617618696"
"2026-06-01T12:40:00","35.63803264074335","56.11335628401774","2437.970905902961","93.28221355534049","47.8227656849069","41.89962530458016"
"2026-06-01T12:45:00","38.583585900431025","49.163281399618945","1797.217204571896","95.71304421750754","49.12419089179743","43.11738634962637"
"2026-06-01T12:50:00","41.11015356778157","52.75438976070629","1953.8790705451986","97.18940593096093","13.8496951608739","40.873014776238975"
"2026-06-01T12:55:00","39.24735189326723","54.0182990259931","2012.0675650894952","95.75763023991429","44.16900033098567","42.50088790547585"
"2026-06-01T13:00:00","39.01687733593416","54.01590929056444","2379.7772964247956","95.16783047718005","35.113324629297324","42.78540996879597"
"2026-06-01T13:05:00","36.52643712170465","50.129964886364306","2164.6659256156686","96.5183569719024","40.47321659776224","43.164918608415675"
"2026-06-01T13:10:00","34.98040746937812","48.97818312728086","1648.5724597642666","96.42105603794094","38.982513408320465","41.345965033846625"
"2026-06-01T13:15:00","37.7313071198139","50.15281676820114","1991.2139795761575","94.4062316575559","16.188112760162458","43.02569997876594"
"2026-06-01T13:20:00","35.33097345078987","50.262186096628064","2061.2810686891885","97.71066183542267","28.48280424016563","41.33021655695989"
"2026-06-01T13:25:00","39.34068579021632","49.389646619841805","1852.2356533675331","93.4756257375643","36.308765571238716","40.10675990922907"
"2026-06-01T13:30:00","41.12947219635651","54.74591527365992","2697.48503138628","92.53908140012793","47.51422715899915","42.07075947158866"
"2026-06-01T13:35:00","41.59577425162074","50.82804497301276","1972.0350962759978","92.21584644640679","38.71497334151247","41.86371565048268"
"2026-06-01T13:40:00","37.30982464131495","55.68418818276599","2419.4447135116798","94.02552321009415","28.750547486617812","40.68427368616412"
"2026-06-01T13:45:00","42.02223840388138","56.092144442474385","2574.3103008062244","91.51037934902018","60.11490020446648","42.10664189402317"
"2026-06-01T13:50:00","38.319389603073155","52.1509581913289","2268.173588550715","93.62936208007415","19.299557317699335","42.55872472966161"
"2026-06-01T13:55:00","42.071187159363056","53.053864828802695","2013.9175406338388","91.5087929093232","36.063943654114524","41.58835239988196"
"2026-06-01T14:00:00","39.89591513845738","54.30887497122434","2225.6085787264756","91.5075553591558","47.30348983630421","42.51464835392223"
"2026-06-01T14:05:00","38.34620926196308","47.728483991753436","1715.5441644166392","94.79905186796242","21.566002956298245","42.93507501319487"
"2026-06-01T14:10:00","40.862809215877064","58.1147152284133","2724.964170137002","93.31229484783626","14.410180465866244","41.29915489157308"
"2026-06-01T14:15:00","42.468373467538","59.91200490877585","2610.3800547131323","93.45460805875625","42.5332452435078","41.77980090109363"
"2026-06-01T14:20:00","38.04670401976376","55.221261245977416","2491.0768708862943","95.9523929195164","29.54632183594088","42.548543338745795"
"2026-06-01T14:25:00","35.861362390037904","51.750477156894114","1917.3336508240502","90.15738060538962","28.9918308026104","42.567890671594974"
"2026-06-01T14:30:00","33.28656007894527","47.315487025724586","1709.570877333474","94.12527399649191","45.06794177034004","42.31684944573987"
"2026-06-01T14:35:00","36.683772608869475","51.53743499265351","1787.1303969818052","94.94969025067049","40.54493599838788","40.914752664260135"
"2026-06-01T14:40:00","41.125501429118884","56.12619512187939","2345.1408225418286","95.9620255789702","11.68907416280984","41.20338907387727"
"2026-06-01T14:45:00","38.55458505136173","50.66537780223878","1870.9395626807302","90.46162176417668","48.89824384479426","41.840246484066206"
"2026-06-01T14:50:00","40.50968285264888","54.65913683872218","2232.0789681862825","89.9580589437983","35.040241407216016","41.998302473382545"
"2026-06-01T14:55:00","44.922282396505864","55.61948444874296","2454.0710111993626","94.36370173813332","27.81866219494211","42.471443297325834"
"2026-06-01T15:00:00","41.038573702832544","50.934619951524304","2106.1660339812424","94.73948765446723","26.427528632281042","41.404482543605084"
"2026-06-01T15:05:00","40.264631235000216","56.37171279254562","2502.818555623328","90.03256817508964","16.478616148318938","42.49517373407669"
"2026-06-01T15:10:00","42.12803064726655","51.46970720846692","2149.5442855510964","90.32273643770652","58.86820432729342","41.53879310171862"
"2026-06-01T15:15:00","45.64815634645681","52.48847202740917","2332.9088656603203","90.1288985938396","41.8359336592311","42.13807272479634"
"2026-06-01T15:20:00","40.42407100416732","56.98675965254897","2324.971563110232","92.98049238509998","29.966946416327517","42.38830868650949"
"2026-06-01T15:25:00","43.04415810291631","53.628236276387945","2118.4923098545155","87.89250071870134","27.463418671215763","41.51668820480687"
"2026-06-01T15:30:00","46.37153672556319","56.77017840492374","2425.2305109074655","89.23107129086162","14.618675420844452","41.213091011934935"
"2026-06-01T15:35:00","40.0695935081258","56.40601090837832","2448.213456196275","89.63355878509626","18.86361831508078","41.21675777301479"
"2026-06-01T15:40:00","44.33645985668701","54.05724606764532","2072.9746567920533","89.09103407686995","38.37131343386605","41.46240065950232"
"2026-06-01T15:45:00","41.01040614825578","53.47073149419228","2248.2265551910455","87.90994404044305","19.027926156331244","42.99763519873914"
"2026-06-01T15:50:00","41.30291754832315","53.93878720115761","2315.310837146402","89.26005970910388","25.27689038884524","40.47758174532062"
"2026-06-01T15:55:00","36.26764805641076","50.34558915164887","2043.0994338536964","93.7479778166273","30.456175974605557","41.68835424566109"
"2026-06-01T16:00:00","40.85743727908349","48.902340348300996","1802.4964427500665","91.6667815465838","53.33490626727519","42.218251114474604"
"2026-06-01T16:05:00","37.66480129000569","49.58449729437406","2001.5225625227395","94.18452757607136","36.422207685308","41.30664792665896"
"2026-06-01T16:10:00","33.22440207639761","47.14948375650686","1645.9180114263718","90.51738661172836","36.950225956443944","41.16838465124936"
"2026-06-01T16:15:00","34.625245080831746","52.28963144112161","1989.795446654673","90.24029295422565","17.549528377308288","42.77386130253282"
"2026-06-01T16:20:00","36.391008799704","46.609241526464146","1597.7139152647771","89.76194233391799","45.12092165439672","42.099719679101554"
"2026-06-01T16:25:00","52.6677418428927","58.79902909425277","2771.7683560565833","89.39528104953207","36.52469416321473","41.01231689508053"
"2026-06-01T16:30:00","63.812113449231234","66.81458546363667","3528.957558406016","92.61693625063347","46.91272658594788","41.35824447512433"
"2026-06-01T16:35:00","67.55164921521798","60.38525555762747","2854.0915735147723","91.95851467725187","57.70748597381473","40.29351692142244"
"2026-06-01T16:40:00","67.38279517674239","65.5435718828818","3286.813135588041","89.81941058124333","92.2846469978058","41.501496223816666"
"2026-06-01T16:45:00","71.94611397826685","65.96335121861975","3328.836868646908","89.75486343689045","66.54239890359307","42.81049018010333"
"2026-06-01T16:50:00","66.17200903129903","63.55082540121778","3187.1557295911284","91.66195234026873","50.278304160062724","41.132227668453716"
"2026-06-01T16:55:00","63.876939745137996","62.40515552088243","3059.696835232302","88.55504373903908","25.357229177725305","39.73500221243772"
"2026-06-01T17:00:00","67.41328270088314","69.1674536998329","3717.6566855607707","89.71035567881553","46.157262892839924","42.428793944677444"
"2026-06-01T17:05:00","70.25463425923523","68.39123323342098","3672.274587205253","89.89060411039098","70.41276046193643","42.91847655424091"
"2026-06-01T17:10:00","70.02008200785279","63.73645559258454","2965.5678793394204","87.1417182310553","96.32519672248827","41.829036514699524"
"2026-06-01T17:15:00","65.98929946368274","64.21233156660163","3263.1423629568144","90.14207396343333","16.858531858516844","41.404647493231444"
"2026-06-01T17:20:00","68.3089527108131","63.23201700566979","3125.2940635836962","91.45000963194964","82.01339859383498","41.57972164641444"
"2026-06-01T17:25:00","70.69524228498635","69.11176703274221","3455.599581651281","91.08528095896152","56.91439520359311","41.84773822847854"
"2026-06-01T17:30:00","66.33195392388502","62.06419569852875","2968.2104018262407","91.55597989795359","66.63027008814194","42.09952586494081"
"2026-06-01T17:35:00","72.98728199061748","62.766401745251926","3373.8628425292604","91.90547827298948","63.185968565848974","43.3303631708387"
"2026-06-01T17:40:00","68.89297677708836","68.34460605533133","3363.28865677067","87.7215578229804","19.57676465796084","41.49699045475321"
"2026-06-01T17:45:00","73.9880769188879","66.80922464464712","3387.8204610525936","87.34161567353529","16.679058564132028","41.76770640933817"
"2026-06-01T17:50:00","75.85264369470428","72.16031851867479","3727.0325202619706","90.52026994418529","73.36024486076384","41.562777346235606"
"2026-06-01T17:55:00","77.2111582736039","71.16724270484023","3844.0943320300557","91.76639918017887","106.76511152815434","42.4943976426739"
"2026-06-01T18:00:00","80.25866921414311","74.8153463474999","4009.049921152374","88.70832539097783","30.255803838180544","41.72497917567207"
"2026-06-01T18:05:00","75.50748216977418","65.78811768050402","3472.6235515783324","88.51229848701846","82.33347413288487","42.06284074664048"
"2026-06-01T18:10:00","77.56174638359816","71.19672127665588","3840.767220965846","89.54798094356825","45.666491993200815","43.30343538920787"
"2026-06-01T18:15:00","72.39062668288221","66.74485978504366","3454.2827586356916","90.6088749855887","37.17226173508765","43.168223670709075"
"2026-06-01T18:20:00","74.05361630843522","69.0458564136134","3632.6400974078506","91.77314999596427","86.44213183014395","39.743955700055345"
"2026-06-01T18:25:00","75.67231471007351","69.18885019567392","3791.822018223395","90.2281822380026","97.96289430556611","42.006898541343915"
"2026-06-01T18:30:00","78.78137871429867","70.9613964016326","3789.303720464646","90.7257661898254","38.473997673887595","43.10761188322848"
"2026-06-01T18:35:00","74.10170436245312","69.30921974678513","3718.514460501946","88.00031388909757","39.47063043777581","40.73641508485134"
"2026-06-01T18:40:00","73.92805539112628","66.0714652079086","3188.958213550615","88.52905718700649","48.24588366999322","42.000875952406474"
"2026-06-01T18:45:00","78.32350001308392","73.6981755923531","3997.377617340917","87.45733752574981","109.78800332073811","41.82944358857977"
"2026-06-01T18:50:00","85.17545778274739","69.77538586857511","3580.4648030606527","86.54321294424889","74.23994437552112","41.768047026718364"
"2026-06-01T18:55:00","77.59612223947417","75.60858411426294","4258.550358814301","88.00223448959105","58.54945488309028","40.650245647981315"
"2026-06-01T19:00:00","84.66633974787047","66.46067850473936","3468.402262480423","87.59071184344918","83.58541693516283","42.093984206255875"
"2026-06-01T19:05:00","73.96895205852579","69.62943782432743","3802.625705943824","89.52666742288042","78.1543618060012","42.81868918673094"
"2026-06-01T19:10:00","79.54020677432412","73.16985674045348","3889.748838857964","88.05849559549598","34.8148085397535","41.80390940264194"
"2026-06-01T19:15:00","82.05700493057134","68.92647885017769","3957.5891653696713","88.68064335212465","36.32171724186055","41.85169150129604"
"2026-06-01T19:20:00","73.68507007918916","69.41128189467914","3697.167052424501","89.8546942770578","58.7757046132248","41.82719982284249"
"2026-06-01T19:25:00","72.38497897144146","71.6450387986036","3678.9486615851506","88.75179635594083","40.64381767587149","40.87176304691473"
"2026-06-01T19:30:00","71.05572491379581","68.32860099865063","3668.552566172363","88.20123514934707","31.6801635425603","41.06891776946972"
"2026-06-01T19:35:00","69.2170741290309","72.33948503060454","3774.8551895099736","85.53265665281059","57.49007071751801","41.928869560121356"
"2026-06-01T19:40:00","77.3203819860417","67.39585430730241","3544.4000740299625","88.33005425465294","98.2557018769445","41.621405052492825"
"2026-06-01T19:45:00","75.89251468753527","73.63909365404206","3857.5364088680954","88.5881063814763","75.51959802675785","43.02503283718412"
"2026-06-01T19:50:00","81.17652855613338","71.12254565233714","3760.669013191673","86.30990828779854","84.78790739972776","42.900165626843545"
"2026-06-01T19:55:00","76.13025560406318","68.30186100942298","3333.1123384331186","89.78937051317624","80.85036724061713","42.309498525795"
"2026-06-01T20:00:00","77.8327636868333","71.82483250042323","3847.0632146478165","84.18925541906597","52.50747017693035","41.51493188339902"
"2026-06-01T20:05:00","76.22714053916873","71.07274175490771","3798.60705023124","89.70505641625577","87.86097163739066","41.22594074444397"
"2026-06-01T20:10:00","71.46042988100517","65.66038374480885","3181.1238312175756","87.65552900937158","15.853879331275792","40.31419468698755"
"2026-06-01T20:15:00","69.68456679590366","65.3371175475458","3129.3501892938434","88.92023239891276","90.92046177606854","42.24845890607532"
"2026-06-01T20:20:00","74.70152171271886","64.56639304251777","3231.444255601446","85.66464320870055","43.15203368162437","40.5036988362327"
"2026-06-01T20:25:00","71.89077115207853","67.96936687835833","3918.7450816180108","86.1246433270402","40.39100486934572","41.67195512842989"
"2026-06-01T20:30:00","68.64331807230053","65.91220824898159","3450.3386400029863","89.24136686668388","64.72506481922736","42.03538885948995"
"2026-06-01T20:35:00","55.964438975161684","58.44736277907272","2897.0996605017967","87.17712116663078","76.79570827469723","41.47520871141214"
"2026-06-01T20:40:00","46.142970625203134","56.930293048333844","2812.271318388001","83.91658694310962","27.364224826806147","40.889534152406306"
"2026-06-01T20:45:00","40.22215724376034","55.558213535785505","2408.7335354960724","86.53122526750055","36.670691707191324","41.800305094239505"
"2026-06-01T20:50:00","42.44487763080015","51.07269948416265","1988.7460006916156","85.73823097845849","29.11050717435249","41.08127019223844"
"2026-06-01T20:55:00","43.53077658047783","49.98230428734856","2031.8575148882612","84.30676657843942","53.29261254318063","41.36693923889374"
"2026-06-01T21:00:00","39.391173103274035","47.63366493142836","1741.7143268721002","81.05006768054112","36.8355313334708","41.93537641408366"
"2026-06-01T21:05:00","44.23343237011256","61.263968641019225","2796.8157846973327","86.89295850590838","48.47104461426742","40.788922737112024"
"2026-06-01T21:10:00","47.57845772381767","53.1521636033","2312.9138339938763","85.60885556005682","44.6694214489253","41.86303479348569"
"2026-06-01T21:15:00","52.612088849805836","53.93472743266038","2276.4842635941436","87.92665984284244","25.49065218834089","41.02178861514265"
"2026-06-01T21:20:00","43.310773404784584","52.42685607070112","2084.062933163149","85.82575900338482","28.95756743166795","42.39015516155805"
"2026-06-01T21:25:00","45.63127188682144","59.79921165957147","2698.1796095672685","86.71503868087598","19.33689626204368","39.12341492839179"
"2026-06-01T21:30:00","37.81504584036546","50.422613203254485","2022.6257579021476","84.83952997553509","29.140060523532217","42.262850374683346"
"2026-06-01T21:35:00","36.42555922132586","43.55175192904642","1455.487715193368","83.25313210523913","34.10645930341344","40.754265642248896"
"2026-06-01T21:40:00","40.34212491707462","51.15661644276166","1783.8016871686796","84.73922807158185","13.104239063612543","41.808617725289885"
"2026-06-01T21:45:00","35.675689732351266","49.2818961824408","1820.6964883062653","86.61724537569482","37.06725329262752","43.015536916404855"
"2026-06-01T21:50:00","33.35890348376017","47.824726612132295","1621.3872100681008","84.90173646101138","18.36628201310495","40.87901103435201"
"2026-06-01T21:55:00","42.58693559974237","52.32108222535321","2197.532742269084","87.31514668265488","49.802095268128774","40.999476963175475"
"2026-06-01T22:00:00","52.843845920363904","55.053534852757025","2346.315492467209","84.58476055643308","18.815059477453406","42.10121456758724"
"2026-06-01T22:05:00","45.55584560385182","55.66482167986223","2497.48503208811","85.71362842733467","27.863991083415016","42.697527272673135"
"2026-06-01T22:10:00","49.41658939396443","57.361237090646235","2608.7886632463474","81.54952568951542","27.43275708251209","40.77263528200713"
"2026-06-01T22:15:00","45.47945731041125","55.97489404091681","2266.8776205270915","85.13479630638244","38.931339330522455","42.125327445931504"
"2026-06-01T22:20:00","38.70097827506571","51.34140672775575","2084.3178783351896","86.65231057524511","42.57425012356839","42.30787235576034"
"2026-06-01T22:25:00","32.9170080101331","46.07778236175475","1481.6869379544146","85.44702067500057","10.251498002287855","41.23731101689211"
"2026-06-01T22:30:00","43.40521484991481","57.004837226894864","2518.957065263804","86.15402818893094","32.50355974756805","41.58665236125772"
"2026-06-01T22:35:00","40.42963997976237","53.11127014347691","2306.3621828341143","85.93368320912427","23.448817964552227","40.851356242492116"
"2026-06-01T22:40:00","38.32006139137126","50.78865889441475","1617.2239418824906","85.45830296331879","46.53469564419653","41.59120250216123"
"2026-06-01T22:45:00","33.097816050431106","49.988683676695274","1973.258432144568","86.76909373377272","34.19082955511075","42.39401186704355"
"2026-06-01T22:50:00","37.90904289449112","53.67142852895957","2385.0696306652007","88.61622173947406","49.39341367958684","41.11538399438037"
"2026-06-01T22:55:00","36.98585768721506","53.28958329571283","2236.4000338148553","86.44198939932322","21.81856374181804","41.36690420562871"
"2026-06-01T23:00:00","41.97808201763303","48.371599439826","1876.9775146043821","84.91970741361487","44.271192052888885","41.005331136168444"
"2026-06-01T23:05:00","44.695985854042284","53.70869512068966","2205.461142394606","83.2784855187428","24.369898014175302","41.89590751589171"
"2026-06-01T23:10:00","38.01666327806948","53.74989304967126","2414.1435134216154","83.9600449998893","44.42947712475129","41.32829492962858"
"2026-06-01T23:15:00","40.01150595895988","50.69800742060101","1957.4767515949998","82.91193285201004","39.280858397487066","40.17196564618963"
"2026-06-01T23:20:00","39.87487946083869","47.729264868111215","1737.6723766522387","84.21244224286446","24.3852876657103","39.00717769147255"
"2026-06-01T23:25:00","38.800167805053135","52.30241873849621","2042.2039524492482","83.68604310392993","16.53639906867166","41.48562157177934"
"2026-06-01T23:30:00","35.54640843558747","50.27763955762426","1976.2933383477089","84.25674077296114","14.126539167695688","41.628640718029224"
"2026-06-01T23:35:00","34.13562427989599","47.797733140777495","1694.4418361385017","83.86426267130268","15.32838861572216","42.432397360272574"
"2026-06-01T23:40:00","37.39484354512837","50.77151238340417","2163.860254627988","85.09994138971683","40.37317513649558","40.7776051525029"
"2026-06-01T23:45:00","35.41667431140834","50.15192225566903","1677.6416591693105","82.60416401620097","19.129274129749028","42.08161434866117"
"2026-06-01T23:50:00","38.82683823508101","57.938991680059495","2673.7141809902787","80.32036848565681","49.330726081874936","40.638730332827265"
"2026-06-01T23:55:00","47.34802130402302","53.548057374981724","2296.172605258473","86.22185973498198","37.62494436052905","40.80909269760329"
"2026-06-02T00:00:00","42.70356362345256","54.494940546910996","2330.008229109477","83.28464271943233","38.56870113952629","41.403597433989056"
"2026-06-02T00:05:00","40.66611542780859","52.73717942343594","2179.086454745587","83.33460113491299","24.052425619785904","42.129952503616394"
"2026-06-02T00:10:00","45.906994434996555","54.43615735190932","2405.7545970704646","82.30432253033932","45.78562800499768","41.13414936159962"
"2026-06-02T00:15:00","47.599263130230575","55.48705165330733","2249.160499993557","79.89631016678418","37.14503324994796","40.486072256394216"
"2026-06-02T00:20:00","40.865962087486196","53.33357855549178","2251.954977640226","81.64110634945793","39.079342318237465","40.98557233352043"
"2026-06-02T00:25:00","40.28089465367588","56.27476835281256","2372.2223911887695","82.64994134098673","51.827968681990825","41.200722063355286"
"2026-06-02T00:30:00","50.27712601995224","54.240337971284085","2262.717053733609","80.92593210986419","51.9039819517148","39.248398672731426"
"2026-06-02T00:35:00","51.834248356924995","60.248889029037585","2860.7841985730106","84.23446634878265","67.10599674485404","41.805173234608105"
"2026-06-02T00:40:00","52.15519252877876","58.50583839927325","2465.9857691964553","83.3952987696221","51.17023424041452","40.56231166266436"
"2026-06-02T00:45:00","41.83874106405086","54.69561437387014","2339.7446648719115","100.4164880035525","52.878446288648334","39.18502051892912"
"2026-06-02T00:50:00","31.958341571007953","49.723246390708255","1865.0856721931027","97.86687516157193","16.200491083015702","39.932893508666126"
"2026-06-02T00:55:00","25.38816271816564","46.61767097627489","1590.1236033658865","101.21516660733792","32.655600944134285","40.44720319688883"
"2026-06-02T01:00:00","24.697942297088144","47.454983852896184","1455.1323726906007","99.66031730618249","18.184556846825487","42.61678498841256"
"2026-06-02T01:05:00","19.334044289995376","40.542665175772534","1106.6457807344068","100.62376429343313","6.077376615659979","40.18252590682211"
"2026-06-02T01:10:00","15.009455896962452","42.46402763142902","1191.1102274062046","95.94790842940156","4.088701242719896","41.157347554484836"
"2026-06-02T01:15:00","15.751465863493635","41.73620393277526","1015.0348724022097","100.57619040623662","3.6834014389053","41.42831908205148"
"2026-06-02T01:20:00","18.269241105966497","39.33996828670433","1033.7251130504503","102.7267078724111","7.439601233085198","42.28585981831631"
"2026-06-02T01:25:00","18.69125524752514","38.92435976154037","992.1012883244082","98.1575707524393","12.27029221658613","41.31046196931323"
"2026-06-02T01:30:00","18.99871604472473","42.02733413577436","1278.4415887345235","99.55325385029302","22.738071914569584","42.24345204999359"
"2026-06-02T01:35:00","17.987026616534816","41.54226574988237","1028.2218934867756","103.32476135296528","3.993312184635663","40.28079403030965"
"2026-06-02T01:40:00","19.06843586154649","40.3115994890954","1262.9488141315182","97.68516009625847","13.587472554225528","42.375752540163546"
"2026-06-02T01:45:00","16.15389342547717","38.63581914947597","990.1894243842305","96.05427874295741","15.905972735575201","41.61498371308105"
"2026-06-02T01:50:00","14.085797974256668","38.945864787720566","1191.2760075705185","97.49087840294513","6.33116323677521","41.88132471564461"
"2026-06-02T01:55:00","13.887461710791023","37.43874424943564","1053.501136156079","100.31447021462404","11.009214444874598","41.151638102136594"
"2026-06-02T02:00:00","12.602242096725629","36.001385931237145","1028.31572229782","100.6956245157734","11.668571903971515","41.055992305110884"
"2026-06-02T02:05:00","14.803133126625006","37.759588194345504","1146.685212956407","95.91743033544245","7.819217060613256","42.39158288516127"
"2026-06-02T02:10:00","16.550410186970655","42.80462849788991","1293.6434167459133","99.34641530141634","17.84658448530218","40.553978630469985"
"2026-06-02T02:15:00","15.496519497911372","43.97409252008483","1421.6576174862153","100.0914786670484","17.97963251677004","40.94569097514483"
"2026-06-02T02:20:00","12.907283441978626","41.73569274561531","1187.0303504923852","100.03877115093032","15.827566467037622","41.02869164430388"
"2026-06-02T02:25:00","15.949048715738154","46.39806823001148","1592.9300662400703","97.30086288212756","8.795001720221093","41.33207920353251"
"2026-06-02T02:30:00","18.796932412448403","43.028988564246625","1373.7650772553964","99.92735776797838","9.92224304720624","41.327762772918824"
"2026-06-02T02:35:00","16.957044392565727","41.034591986024466","1025.9967417583016","97.82133741094472","9.22072137730994","42.61946613746784"
"2026-06-02T02:40:00","18.484492329280645","41.74655212770446","1084.8357265340417","96.58320972272084","8.305161666469692","40.924287520140126"
"2026-06-02T02:45:00","15.11084304592579","42.639387813719935","1239.257061531668","103.53288345427293","15.875336380423974","40.2961219836836"
"2026-06-02T02:50:00","12.918336478227769","41.82449818866812","1279.589174025294","97.369678550854","3.6279139989065343","41.23845103161165"
"2026-06-02T02:55:00","11.534017053997099","38.73326309607465","986.4779458513901","94.66992652895433","5.666283998473142","42.11012040150234"
"2026-06-02T03:00:00","10.84113926291831","41.77651435769261","1273.3843658999951","101.05301120258083","10.768526557017038","40.91322670004475"
"2026-06-02T03:05:00","10.06519143935822","41.92753142826573","1264.4347125101647","98.30013985675856","9.282920413829768","41.556380004278495"
"2026-06-02T03:10:00","11.565070169082944","43.62019882323881","1148.7685775402756","95.96073844241299","16.382310234198687","41.48203126526846"
"2026-06-02T03:15:00","13.134875540446743","38.362635079608516","1112.0263733370257","99.0509577811207","17.9756574338311","40.152136905466676"
"2026-06-02T03:20:00","10.831334826426605","41.438320708948986","1228.4814184310171","93.89034528353505","3.907862569570718","41.592400372461576"
"2026-06-02T03:25:00","9.635220018141945","35.09380249698306","1118.5435608485468","99.31215864485885","5.115115102562011","42.14693888040686"
"2026-06-02T03:30:00","12.294815370406992","43.17963206842272","1200.4868312584736","96.30668936563508","7.439181100657175","39.97198011152798"
"2026-06-02T03:35:00","13.779730654355854","38.40051634653297","986.3047500671915","96.22085763302806","3.9069291502728865","40.242615661590115"
"2026-06-02T03:40:00","14.262909262206035","39.74354094387552","1004.3063872757598","92.33047536531016","18.549855054204286","39.96239612640752"
"2026-06-02T03:45:00","11.753040138688464","44.267375150540225","1305.7921252435478","93.52597128690516","15.160270264864947","41.773256614478136"
"2026-06-02T03:50:00","12.897497867202238","39.08676889917248","1039.5204737991546","98.72514507622105","8.729420671173607","40.395647198594915"
"2026-06-02T03:55:00","15.351345020682423","40.554402130120046","1077.668874430933","95.82498162733478","19.184982298496678","41.7591370864784"
"2026-06-02T04:00:00","16.217726670173956","40.17970355402485","1031.3384437691036","96.22957793029849","19.736855107187072","40.74032302717612"
"2026-06-02T04:05:00","17.194598073860167","45.671766069663896","1690.7823661960927","97.12084823669488","6.674368856745859","43.82112771322447"
"2026-06-02T04:10:00","18.184807801902412","44.336499405378206","1557.6296860913822","92.52478657738136","13.21297273666378","42.25306834384489"
"2026-06-02T04:15:00","18.52327590201766","46.0469549426374","1434.73213105447","94.89603529849292","16.819168949643807","42.30995702103107"
"2026-06-02T04:20:00","15.872783649773547","39.15525777463053","1125.4248813263594","97.68939198824324","10.398408064377685","42.61224009927142"
"2026-06-02T04:25:00","15.312225949666812","41.033523730406074","1148.9158561124152","96.21381112341321","19.173144374402714","41.35106075186324"
"2026-06-02T04:30:00","13.897556701938075","38.42331157809545","1069.7843226051175","96.19294003046446","16.91481764347114","41.195454114149456"
"2026-06-02T04:35:00","17.35610984209682","41.465019044531466","1391.2484431932878","93.89398869781856","13.985303938657305","41.47785170691785"
"2026-06-02T04:40:00","15.407583772949751","43.54120596524543","1231.5489800773485","96.86294286755727","9.103319800410192","41.25447558545713"
"2026-06-02T04:45:00","16.34256499821086","43.52333352388936","1597.7003655554183","96.12384368626513","6.575286192167584","40.57770086891934"
"2026-06-02T04:50:00","14.70340770644475","38.60427944030304","1003.1755388965113","95.44670973826419","8.478753374182087","42.064297253294235"
"2026-06-02T04:55:00","22.727207218979306","48.79573628514779","1940.6680616104975","97.19013196323502","29.73682055031838","41.767321202064046"
"2026-06-02T05:00:00","29.39438605765361","49.68657646259227","1851.8274788230947","92.3038679125398","36.77571269004259","41.710929751866814"
"2026-06-02T05:05:00","33.40271079764085","51.127442632963785","2042.3704988214097","93.83582309120104","14.60330227458303","42.5243484441082"
"2026-06-02T05:10:00","35.633742286751854","48.32350441438651","1886.7837236698235","95.32637879612305","6.814647471522532","40.795695664986425"
"2026-06-02T05:15:00","34.78597719411121","49.853019363083206","1772.249210063403","96.84906799073426","14.980813135109129","42.274288190371884"
"2026-06-02T05:20:00","31.419614989427373","46.02851809755655","1662.7610925987306","96.44585864661192","35.04330446852687","41.26484127404612"
"2026-06-02T05:25:00","32.70557416501863","49.1374684462066","1717.8859953401786","95.669312241881","39.55564710731078","40.67763693254546"
"2026-06-02T05:30:00","32.26623130978513","48.07237263623218","1767.8059990368001","96.70298409892868","25.87974032831676","42.800251075176085"
"2026-06-02T05:35:00","28.613946659346617","47.81306777282931","1740.2133766378113","97.33384968804214","37.09481795893358","41.266298469420285"
"2026-06-02T05:40:00","28.165466895456063","49.06350057160635","1775.3697312423626","95.1648913631756","13.50020818230259","41.18894117375227"
"2026-06-02T05:45:00","32.6440215841928","47.87540876046401","1681.3867627932532","94.19780615185184","12.249721129593796","40.49676271592407"
"2026-06-02T05:50:00","30.385583690783584","50.044386161326564","2131.460563235853","97.84256734013272","39.83128765458609","40.37752720847972"
"2026-06-02T05:55:00","29.10786044602456","50.21546013246781","1825.0097827127306","97.23029158492204","10.093333420043475","41.172753617354964"
"2026-06-02T06:00:00","34.6129096942553","49.295173694943934","1955.3463289528354","98.16704759244675","36.68192330065237","40.49007218221655"
"2026-06-02T06:05:00","32.42294720072899","51.90480279586157","2012.403725736887","94.12315985663639","12.692833824817972","41.25656721598147"
"2026-06-02T06:10:00","38.26808877037088","52.491425433349335","2161.323076329548","93.67728404525985","28.539949770986787","42.675842721573765"
"2026-06-02T06:15:00","40.814714762491185","50.52559135640059","2019.3227120239892","97.19679262285463","22.03656651707183","41.10476039808783"
"2026-06-02T06:20:00","45.33994987027208","53.38917677404573","2263.946437390414","92.94686763988821","12.870493433737863","43.16749604263917"
"2026-06-02T06:25:00","41.884847865796594","55.97513317396837","2381.496886423096","92.50554705861245","26.9215253808088","41.54681392424361"
"2026-06-02T06:30:00","40.43787570600532","55.37525190713399","2266.071385562309","94.63968192097776","12.53066415879339","39.98640785139938"
"2026-06-02T06:35:00","35.73803319603673","51.56744502685404","2065.7930305739173","94.45065409235868","36.094343903530266","41.737814002389285"
"2026-06-02T06:40:00","38.484791560381666","52.264286782810785","2279.979034310398","92.42341182881816","15.915307180436905","41.65898969510191"
"2026-06-02T06:45:00","35.5609377787558","49.73934066782627","1878.2983978712555","93.7372521362895","26.211953297570297","41.59232296364124"
"2026-06-02T06:50:00","31.837490731402774","52.71572767710242","2010.3926677178663","96.17634321910019","15.242363670504346","40.87267833580788"
"2026-06-02T06:55:00","35.12624828599626","47.16740309644602","1664.489863228418","95.56889016170047","23.40524781104427","42.60551370952032"
"2026-06-02T07:00:00","37.33787701572387","51.115032835102724","1919.012134905372","93.65551505506667","39.11132623737088","40.892277547202355"
"2026-06-02T07:05:00","37.02526802529385","46.870562424898445","1745.8810865673943","92.52251457853238","47.96842013268802","41.338975278442156"
"2026-06-02T07:10:00","35.72264146803208","50.80930797531575","2101.214570744492","94.11804670434901","42.85450011183582","40.66632436233882"
"2026-06-02T07:15:00","32.8272477694454","50.460465048583444","2040.3607836531703","94.70667469889011","37.60358707595597","41.94591719861821"
"2026-06-02T07:20:00","36.303755842616546","52.70025904334027","2004.6512314381257","93.3332059875443","42.42488134516635","41.24919852450104"
"2026-06-02T07:25:00","40.6059986489474","53.536746279978594","2259.963470808861","91.57168739519142","40.82998209005659","41.07211681243793"
"2026-06-02T07:30:00","38.950142079196524","49.420615395872254","1843.835741025039","95.02938282821235","30.940374425553717","41.29467404923887"
"2026-06-02T07:35:00","37.00566456286075","51.7053157665425","2173.432212006953","93.59249737511547","14.471116014025204","41.57061567948542"
"2026-06-02T07:40:00","31.840935433432943","48.613346678656015","1783.7918150265405","91.76655569943951","36.76391009737394","40.604253804916304"
"2026-06-02T07:45:00","37.833088653533714","48.8873158160029","1903.6333508856208","92.52578684208189","38.30164799337928","40.617838235134776"
"2026-06-02T07:50:00","39.96161145425985","52.045627028719395","2210.07599512143","90.22256790035834","42.15963284544846","40.81937930922418"
"2026-06-02T07:55:00","44.705635841017504","57.023540539889964","2566.7043251151185","95.70488465612142","58.45730421397167","40.31997629671373"
"2026-06-02T08:00:00","41.04018460541601","48.74648010688904","1863.9107109377026","91.93153997765357","53.488451738609115","41.01441746602248"
"2026-06-02T08:05:00","35.334079926784554","51.34298056435418","1910.5941353240405","91.51951440467299","13.195001712691516","40.72456762350124"
"2026-06-02T08:10:00","38.58054052829597","55.35538535518379","2230.148579334958","93.73482568950917","54.50855688949205","40.90899497874048"
"2026-06-02T08:15:00","38.19195328336022","54.62698067499798","2628.999101799964","90.38091490672178","20.013569339896737","40.77600849867031"
"2026-06-02T08:20:00","41.86396128555454","57.60942260439336","2503.365798599307","93.67571335915926","54.359978711125954","39.67384828164498"
"2026-06-02T08:25:00","44.574316475220776","57.84599703612125","2605.938193714212","92.30567290277791","43.04452813352203","39.54922298559391"
"2026-06-02T08:30:00","38.33030967214404","51.10360272262705","1999.801491848726","90.37680424576038","46.103664880241745","42.117284394309884"
"2026-06-02T08:35:00","34.89548126961589","53.16070447197389","2157.6779800020067","90.88649776284056","12.1717788060084","41.96745730855823"
"2026-06-02T08:40:00","38.64915358323372","51.47967468625234","2213.7787389687073","91.56513031877066","18.94621633841713","41.377787982199244"
"2026-06-02T08:45:00","38.00522739314377","52.35557205845653","1880.8791494119553","89.65468694224845","23.010950583782964","41.35209875090685"
"2026-06-02T08:50:00","39.640581033095096","53.720110225816846","2200.9596537457824","93.21024563993188","52.95156566235325","40.68998329418072"
"2026-06-02T08:55:00","37.603630293182114","45.896137202117494","1526.794554233788","91.36087049543082","18.242977907707758","39.34416231541269"
"2026-06-02T09:00:00","44.192578415683236","55.14361818282276","2318.9652266168955","90.50992684673923","13.400107455857459","40.637404880223606"
"2026-06-02T09:05:00","57.734193863906285","57.51309867216376","2687.2724892853744","91.77580484825292","18.973586904864998","39.8535405599221"
"2026-06-02T09:10:00","63.79746430686754","65.05782473574341","3483.8323188148415","91.33454472921156","82.73914504805931","41.22597646162329"
"2026-06-02T09:15:00","65.76487004249317","63.47908028413572","2861.280977480299","93.09956582323424","60.63535145912476","42.33862847931358"
"2026-06-02T09:20:00","69.63551781166007","66.64590174778921","3191.775609663831","94.93042984728842","58.94702097071402","42.534503533662125"
"2026-06-02T09:25:00","74.05863348823401","67.75561947141534","3283.1786909512966","94.48452840128178","81.26340940233746","42.23396921495383"
"2026-06-02T09:30:00","71.23937839468465","70.18406321422442","3500.0762535383988","90.03714199218733","69.98258139241958","41.46888175925893"
"2026-06-02T09:35:00","76.93150606759782","72.83116801673961","3907.254107897625","90.84439646937932","57.45262152634075","40.80058602555514"
"2026-06-02T09:40:00","75.35015850612223","66.36940235253684","3412.9492930265183","91.6308352312902","45.42716039442381","40.68688377155593"
"2026-06-02T09:45:00","72.07217691153181","63.554424711747295","3037.406335509215","90.04683707264724","25.65299300606186","41.31480656580622"
"2026-06-02T09:50:00","70.50736498804987","67.32254389176425","3299.851379997694","88.95432066951047","39.4055282715477","41.46414452513753"
"2026-06-02T09:55:00","71.86829172486485","64.66729523133341","3455.937881865033","92.87293012418414","99.42173111206361","40.972238431774905"
"2026-06-02T10:00:00","73.59437528027942","66.70955552622226","3527.95825706029","93.08617261458106","50.4596023867496","41.709613453164835"
"2026-06-02T10:05:00","71.27633548047532","66.20879429299241","3476.582635405533","88.05659620592301","35.078468963254146","41.582038594155065"
"2026-06-02T10:10:00","64.45789071371803","68.26285264335442","3552.6655232309345","92.68650976099708","57.39567256063113","43.035584506515605"
"2026-06-02T10:15:00","71.54172377827308","65.88027012440533","3140.479235406847","94.3289155862054","25.804708503531984","41.69184973301906"
"2026-06-02T10:20:00","71.20703067094965","63.483927544292655","3477.785624166373","89.82443867678101","96.16093949191932","41.07571604865661"
"2026-06-02T10:25:00","68.89796249625688","63.453700088181144","3232.1284126850387","90.11281002374177","16.61911951664539","42.003982152174956"
"2026-06-02T10:30:00","73.28569730727848","63.948150255764645","3268.9016605332336","89.60430499393625","37.006985788342114","40.94956210812531"
"2026-06-02T10:35:00","72.08639918400625","66.33446265354016","3292.3064956443072","91.65009984161858","19.519132264204945","42.09121630304986"
"2026-06-02T10:40:00","66.76136372798712","62.9085912273426","3089.494475188708","92.34481190037563","95.6545990292704","41.39591975226272"
"2026-06-02T10:45:00","70.51111691287399","65.66485703805138","3114.940788736845","86.24090891803857","83.68062724557353","42.045229837703204"
"2026-06-02T10:50:00","77.81054648480739","71.28990811402312","3839.8410830516473","87.1676306721409","49.90955079770104","41.38212613600337"
"2026-06-02T10:55:00","74.57839622087609","70.7175000638156","3890.0256251498313","91.65750658138845","77.09675285714309","40.288984054029996"
"2026-06-02T11:00:00","73.98542605745756","67.35868398532298","3558.8238287828303","91.70845419789761","92.37348318856706","39.80830012088501"
"2026-06-02T11:05:00","69.57290015911886","66.71455598730739","3320.2861194111993","88.29980022678215","35.065475291670786","40.04299954616759"
"2026-06-02T11:10:00","75.73717368454642","68.83745626132264","3382.128893762405","90.70927599552385","52.2803910446514","40.29253938452369"
"2026-06-02T11:15:00","79.60830388690165","73.50847553026153","3895.531144548387","89.25238589795529","78.9876820191491","40.92576127030463"
"2026-06-02T11:20:00","75.94696641903734","68.87682674771723","3589.068031224674","89.7263348657351","75.61765882148195","40.493832594976986"
"2026-06-02T11:25:00","70.16135419894239","70.69729781958645","3841.7605803928654","88.9023769366077","24.589350208121328","40.31030797295648"
"2026-06-02T11:30:00","71.78319770999636","69.80341302894499","3770.485763180422","87.36030562737105","93.40529625025069","41.51750418888913"
"2026-06-02T11:35:00","78.84163647171377","73.74320463825944","4040.021444810358","89.29508279931686","26.57881520727612","39.4856767760181"
"2026-06-02T11:40:00","73.68140846641599","66.08754487390644","3420.712100105603","86.48111103770161","64.09282101810192","41.17387867015305"
"2026-06-02T11:45:00","72.92352747495238","64.33493158151626","3244.372430865187","88.22524299224227","41.618220269635266","41.930238631179485"
"2026-06-02T11:50:00","72.3171651032711","70.45543746077362","3648.2687156698116","93.08170781615976","42.941851356222145","41.587081953729616"
"2026-06-02T11:55:00","71.27104988448917","66.369778150909","3287.5058918143886","87.83755853987817","77.161882685438","40.973521017605094"
"2026-06-02T12:00:00","75.90028630263451","65.79421912271809","3475.869259560699","90.02241323018588","89.04730874340764","40.75818735921579"
"2026-06-02T12:05:00","71.52331142373653","63.9399232663914","2978.738837061205","88.02625138352006","62.37663289861697","40.97534600612484"
"2026-06-02T12:10:00","74.36365989960278","66.41230277130491","3137.117352198023","87.22986752064287","15.920826500948548","40.72878503830552"
"2026-06-02T12:15:00","77.0925664637061","71.99137374475588","3784.571404857721","88.8675956914462","89.4602175013651","40.819984146830336"
"2026-06-02T12:20:00","70.87033594153273","65.68969913041003","3456.8039228738794","85.38954615412625","44.74505868635367","40.83481770023484"
"2026-06-02T12:25:00","74.68586319867566","67.08036733245669","3546.288713641083","89.59503515780854","86.50951801888957","42.37301337647607"
"2026-06-02T12:30:00","79.63113181316731","76.16878231373302","4099.9942069816425","87.07145265855276","28.923148998202002","42.26684032253806"
"2026-06-02T12:35:00","81.62837776963403","71.19433132171572","3855.4018082002435","88.36041485997326","26.329557994791195","40.51524547904209"
"2026-06-02T12:40:00","81.44878569795465","72.75142634268641","3842.818485199406","83.95372537448215","111.12633998268437","41.785505395382"
"2026-06-02T12:45:00","84.97952729076606","72.41814889946966","3954.3290458360852","90.441919296057","35.51203674089558","40.70638748811236"
"2026-06-02T12:50:00","85.02209867229634","74.24229576798457","4174.265557615232","90.24548934722492","27.987334397378998","41.04623211928223"
"2026-06-02T12:55:00","81.32974948934677","72.85783264278272","4155.888067314636","88.05669041285267","94.27324271855532","40.59244356075139"
"2026-06-02T13:00:00","81.48892451047304","74.54956310164467","4132.965404880573","89.32755330172805","22.168401002764853","41.10506221885017"
"2026-06-02T13:05:00","81.99122671492268","73.55739365128879","4119.154940854764","89.01244922764852","73.31988366328592","39.86542068721311"
"2026-06-02T13:10:00","81.97641796938474","70.52032266834624","3702.794198394326","88.77660276500235","21.760744656843606","41.170434843573425"
"2026-06-02T13:15:00","65.71666335043552","61.110603206741615","2939.406995569885","87.23343270414401","84.30155778198528","40.373001041181276"
"2026-06-02T13:20:00","50.935673543502986","59.56017270768825","2660.799021478754","88.26809223597361","61.821639226413666","41.15653548181228"
"2026-06-02T13:25:00","54.63819244324178","60.62357134933073","2761.580923456095","87.78811189721057","65.74892219438588","41.443948666893974"
"2026-06-02T13:30:00","50.761206179856266","57.21030373361858","2621.8625571079056","87.96730152818678","32.19583130714496","40.33287041069378"
"2026-06-02T13:35:00","49.995729824802","61.25391000592865","2850.2658231388373","85.1186874022355","58.490110525513444","39.75638908022546"
"2026-06-02T13:40:00","54.641108093943046","57.14316869417395","2312.1431427384755","84.61829556276564","34.73000346668468","41.96058789434328"
"2026-06-02T13:45:00","56.396539570033724","60.880809034736146","2862.445485467727","86.63319715420216","73.25599273604607","41.121669513196686"
"2026-06-02T13:50:00","45.78047727720772","54.46741386148459","2377.642591031926","84.70570850074783","42.15023821360393","40.60070214628171"
"2026-06-02T13:55:00","38.73512361204474","55.94047564401906","2544.844494895732","87.82412368608328","30.710739310849394","41.60090970643057"
"2026-06-02T14:00:00","40.019100986448095","52.182155233928626","1934.7953154553456","85.23448859029591","32.96510270756585","40.03421897502658"
"2026-06-02T14:05:00","34.29678800880498","48.268941079428764","1804.2307903405222","88.34839504380403","9.434217583610621","40.084780030945076"
"2026-06-02T14:10:00","39.53825358087921","57.6918995682799","2598.55593692887","87.25674630030667","42.84407165724115","41.97834144671325"
"2026-06-02T14:15:00","40.63230437911835","54.09388091876198","2220.100247385451","88.30770442042261","36.442691120821124","41.8735310786913"
"2026-06-02T14:20:00","40.10948756087649","54.11532982704348","2359.335098051269","89.08232980208575","39.01710252174004","41.99369051093193"
"2026-06-02T14:25:00","39.388483678439364","50.49019667831733","1782.3847687437324","86.50537255770944","53.77471887813583","40.74313654400118"
"2026-06-02T14:30:00","38.13151491471683","53.47240738167762","2209.0093465780988","87.34375839763841","15.176570240161782","41.581254340058564"
"2026-06-02T14:35:00","43.20040181226349","52.203922778639274","2217.899611346679","86.29989376396163","28.744643998155976","41.68675745986716"
"2026-06-02T14:40:00","41.07755657986937","49.64711607153035","1857.0322553859714","85.5682377843844","8.336066320115417","41.37625746696048"
"2026-06-02T14:45:00","36.68410036681681","52.96847894695937","1859.3316678011756","87.51901468338232","41.04684698336525","40.96345737159904"
"2026-06-02T14:50:00","37.77942797939907","51.55027146415621","1921.5727905109734","84.55007393415248","45.721927938050996","40.050571770510615"
"2026-06-02T14:55:00","40.285274139267464","53.62231230010652","2359.7333117646417","82.3929673735651","38.04718277120601","41.37028859881128"
"2026-06-02T15:00:00","46.31579251591038","59.18693564776331","2757.6785070839583","84.92789021855329","28.8613588722692","40.33897211989178"
"2026-06-02T15:05:00","45.35472395963575","52.830547316948795","2243.757572576061","86.65837980778167","25.010602346990122","40.868229220931426"
"2026-06-02T15:10:00","42.174113877820766","54.55324228454665","2129.080124088301","84.97188253819701","50.381414702057555","40.80835285579138"
"2026-06-02T15:15:00","47.78798674782908","56.41198311880901","2521.751361049939","84.4789723943542","51.23204835164269","41.50793745187496"
"2026-06-02T15:20:00","53.917372671358336","55.929423409649466","2474.4122647249483","84.81121003725038","14.086785786491314","39.95872330003133"
"2026-06-02T15:25:00","53.68856986167443","56.57381967654507","2571.014789591756","84.05367772589622","13.442064233481917","40.34704619741088"
"2026-06-02T15:30:00","45.24626176868643","53.07867223607731","2242.370534774689","85.39988299677469","55.279718760895996","41.15095770982563"
"2026-06-02T15:35:00","48.47350325223245","59.5422135412698","2679.2128384965454","83.77364303885373","37.24462141976876","40.59123213375645"
"2026-06-02T15:40:00","49.34134432630789","59.30965938487832","2618.398341619678","82.58039405277164","68.19011376054961","41.18415281539614"
"2026-06-02T15:45:00","49.8305789974019","59.45874800861285","2789.132011173285","87.06872611690365","44.3548095343374","40.92620567200235"
"2026-06-02T15:50:00","48.253919940137074","61.01444269990975","2958.868599642326","83.99050646753446","43.180925018378446","39.53073668491356"
"2026-06-02T15:55:00","46.70223170011425","56.33223015776392","2467.687524893596","86.8316807291715","47.941421765078196","40.16037214196015"
"2026-06-02T16:00:00","37.02596888659582","45.58064057656611","1540.4459135632867","84.25956150695335","30.322895841205565","41.77522963701374"
"2026-06-02T16:05:00","42.83041764746605","52.568001764643356","2092.649356676381","84.86477438227416","51.630978461604954","40.248571249167036"
"2026-06-02T16:10:00","44.38040904045093","56.28180962291911","2405.434299926859","82.24334373934809","53.24487027669362","40.53142322950567"
"2026-06-02T16:15:00","38.553930873499375","54.041898947036444","2257.5456128417795","81.23306395397427","21.6734430766469","40.116135596022914"
"2026-06-02T16:20:00","36.25834702903923","48.1570422460085","1676.6453983941867","84.23183595199015","45.17459987683392","41.06868483528533"
"2026-06-02T16:25:00","46.20471119386326","53.86490032751467","2210.242944565086","85.38464514944127","28.556071425592354","40.31264662094906"
"2026-06-02T16:30:00","35.9490472775619","53.15800109213032","2023.5408688241598","83.50747031504437","25.436980457848644","41.33545800077749"
"2026-06-02T16:35:00","44.87530038796373","52.234754747668184","2045.893387548384","82.44611766363222","55.180489731789294","40.20882443612368"
"2026-06-02T16:40:00","51.35233582810168","61.02641921612197","2730.9661194861674","82.9768604070214","68.56156513897568","43.181450931442384"
"2026-06-02T16:45:00","49.58865325260771","57.30274065453309","2633.8565976850223","80.96740187080023","54.17204432270426","41.333856645733874"
"2026-06-02T16:50:00","47.699885796612044","57.52795955725358","2452.9010431689867","84.37416291771264","14.514370794343549","41.688784898042876"
"2026-06-02T16:55:00","41.1611717821889","52.976597299619065","2129.8121552545913","79.6315993650026","17.506136611260217","40.473225273832774"
"2026-06-02T17:00:00","38.38849103316551","51.12186283274163","2011.4163516158965","82.03448517290911","44.288079294704765","40.64929388553313"
"2026-06-02T17:05:00","34.297978035847066","54.52205690771684","2220.8926479152756","80.25851045389568","34.56373537263934","41.17350005378745"
"2026-06-02T17:10:00","41.55728880014969","54.95266702459108","2411.1653923160034","82.88323717128911","12.589456006392712","41.38912848649468"
"2026-06-02T17:15:00","45.262604212998944","53.84647494305199","2217.891239121844","85.8008999032822","39.02600327508469","41.295777902067954"
"2026-06-02T17:20:00","41.78332418389595","59.106388822801655","2466.122554476035","81.94211534019108","13.512868730051032","41.42612564390236"
"2026-06-02T17:25:00","33.19402365091752","55.30563513525934","2119.652918272199","101.44110650355441","34.00362444675456","41.04175936018726"
"2026-06-02T17:30:00","26.32430232206394","46.92121605530932","1587.1793995972387","98.80843397194023","26.724705435346838","40.130330998667425"
"2026-06-02T17:35:00","24.107803064350804","46.404126068272156","1583.0749280237592","101.02956737985524","7.8052099653070774","41.83973186320568"
"2026-06-02T17:40:00","19.839936955734903","44.00330072158051","1291.5495597456827","98.99839017940003","25.04318581535849","40.65653803328108"
"2026-06-02T17:45:00","19.801087275735004","43.078308838161924","1379.1057310917133","101.3185421254974","22.096005938557543","40.383493069887805"
"2026-06-02T17:50:00","17.164664801110902","41.09501753767563","1091.7920581328249","98.02394489255914","10.333841991872532","40.52246465053069"
"2026-06-02T17:55:00","16.185018301103696","38.49121525679635","1178.5343594975225","99.48972939888641","12.840240446792125","41.74353111602692"
"2026-06-02T18:00:00","15.597418536265655","42.858855347239455","1202.8530221231579","99.87961050141499","20.144000174675394","39.456535731491606"
"2026-06-02T18:05:00","13.19377445313158","41.45748779656412","1082.9682008752363","98.30271790530728","5.307479455369481","39.47046311012375"
"2026-06-02T18:10:00","15.39471898307452","38.021458399469815","1049.2421180498927","99.05090569089279","18.56797852745089","40.69868879186854"
"2026-06-02T18:15:00","15.796589890408189","36.77081589635422","998.5072224513221","96.1861402191339","3.35196381726708","42.16312627090144"
"2026-06-02T18:20:00","16.137257405507718","41.961591631665016","1224.336431262998","99.64511494815471","7.2604985243853655","41.30601383002854"
"2026-06-02T18:25:00","17.502848465952823","42.944844564203464","1409.256289780226","98.77978007737607","8.249670303562857","41.97861844784858"
"2026-06-02T18:30:00","19.25004156030068","44.34918062335779","1596.7956245693185","95.50573855457534","7.734003290536347","41.427144175695425"
"2026-06-02T18:35:00","20.1211428142987","43.41877818701856","1156.219195346922","100.2416445336089","6.264506581682733","41.824284912308606"
"2026-06-02T18:40:00","17.945708457665063","45.93349769716257","1643.5528191340734","99.91870493579658","9.090190564769186","40.33518557270482"
"2026-06-02T18:45:00","17.248316453342774","44.45870358571128","1415.0999564868857","98.1387808300233","19.48060539534926","41.833915308695765"
"2026-06-02T18:50:00","13.657333564976463","41.071066825513974","1015.5557893850444","95.84772712968812","19.63893653211033","40.830323777125166"
"2026-06-02T18:55:00","14.946177017830296","39.810385222861214","1092.5323377148898","97.6464835460302","15.846042822756804","41.47437423098559"
"2026-06-02T19:00:00","18.13199719062113","43.39544966560421","1337.4826703370925","99.54223130913378","7.493034507144163","40.446517155170866"
"2026-06-02T19:05:00","19.527426204240477","42.60084854464922","1475.5020674153352","97.87853350765164","7.1863508817928805","39.547963821489155"
"2026-06-02T19:10:00","17.91802556004997","41.45797111200851","987.8796775153131","99.18756564706311","17.585004017616","41.09821511096362"
"2026-06-02T19:15:00","15.029509219105002","42.98383577711227","1170.398045291553","98.09285062008387","19.468335135235446","38.86016907113372"
"2026-06-02T19:20:00","11.82866555780486","37.4452386700223","1006.0253935648359","97.47889413830302","13.168167935980954","40.98896319004612"
"2026-06-02T19:25:00","12.056532291662585","42.66536696379834","1262.4727942210977","93.7227859257023","13.14644644043004","40.96788985667104"
"2026-06-02T19:30:00","9.94781407169205","39.107885208348684","1091.7861608209396","102.25535992916423","4.823802421288731","41.72103525711587"
"2026-06-02T19:35:00","12.656567409768542","39.407562128228","982.4259906606446","97.61753375143488","8.154562225013578","41.06533011132829"
"2026-06-02T19:40:00","15.73995467347935","40.58632788123041","998.1886645923005","98.3918451727565","4.512512143220553","40.24673943130179"
"2026-06-02T19:45:00","18.700639862918237","45.678227950299394","1690.0054252903885","97.475842547598","11.40867887314898","39.645069151332564"
"2026-06-02T19:50:00","20.347633396052633","46.64801583643148","1447.788297519055","97.67439502467955","10.04393055732763","40.96026863950417"
"2026-06-02T19:55:00","19.624305710788455","39.53696189566279","1119.8077267345877","98.02400369416313","24.293110221219358","40.624783558269804"
"2026-06-02T20:00:00","18.196286555241265","40.85665425573781","1035.1555777709623","98.53223462827928","22.5762511726499","39.302272726494614"
"2026-06-02T20:05:00","18.496812452516835","44.07539858697649","1430.923399519257","96.7257813903717","15.538667199786323","39.53731875986828"
"2026-06-02T20:10:00","15.999835898518059","42.200850491371284","1332.7866055677098","98.49552167085135","17.81636483459233","39.955647554978405"
"2026-06-02T20:15:00","15.257186987298875","43.75363723053716","1321.7132629905352","98.90541922996772","7.3475346431212385","41.02217624783744"
"2026-06-02T20:20:00","17.067272868660805","41.456284551159946","1155.3820600662748","99.61699116714037","5.988506375573826","41.50258748991628"
"2026-06-02T20:25:00","16.37975313651301","43.02641973352517","1137.7036710231828","98.20125164120594","8.667919476544483","39.94113548150113"
"2026-06-02T20:30:00","13.8524472103644","39.16042792895956","969.0675355137043","96.25058223570602","3.52042292839944","40.51529547548962"
"2026-06-02T20:35:00","16.735000045840394","45.42161190932303","1448.5709237264998","96.81973352611101","20.219488015364984","40.19955729600092"
"2026-06-02T20:40:00","17.157005057920188","42.780828039071714","1315.1493420537206","96.62974040263425","4.887300030736244","41.12428797824172"
"2026-06-02T20:45:00","18.056327479233598","44.29875757969292","1151.6573388331587","94.7260074856726","23.486852512173975","41.08340269478691"
"2026-06-02T20:50:00","18.712610276843","43.91367314051188","1270.7644437870306","99.95360748807637","13.598005143674959","39.86380772665387"
"2026-06-02T20:55:00","17.600702769358712","43.98267894969232","1491.6521098236033","95.7508198293337","18.952285562454012","42.637206557931854"
"2026-06-02T21:00:00","18.251186514564495","46.922495003369356","1550.5490781303613","96.01927794063121","17.69886341208932","40.93636265330423"
"2026-06-02T21:05:00","19.435176881372684","42.360358228545074","1234.554924336658","98.53219029532667","11.7782801969675","40.620518366293226"
"2026-06-02T21:10:00","19.991079216718237","41.56601826701861","1132.0044504889697","96.94459456811065","17.88360860298664","40.16969093915787"
"2026-06-02T21:15:00","20.68693725887407","44.63738447112314","1527.2274559334833","92.52790239767944","15.792614283797686","39.18054054257632"
"2026-06-02T21:20:00","20.16422698435034","43.64479816503334","1135.9171422935253","96.20615349774236","15.891887954318303","41.69242335868805"
"2026-06-02T21:25:00","18.99647833974014","43.609159907762276","1313.6145813031537","92.38533289178054","4.842341005508518","40.04738536691403"
"2026-06-02T21:30:00","19.273814246488623","42.592312825444864","1109.6265472566986","98.12233966622411","9.782781267707234","39.79554286736686"
"2026-06-02T21:35:00","23.414781098900253","44.908946566906764","1359.4484262112956","99.40028674240875","26.389581898407346","39.63677315793909"
"2026-06-02T21:40:00","23.769049164018135","45.37269878481814","1375.9828782509292","96.42230168303116","15.807579618604967","39.731131080523426"
"2026-06-02T21:45:00","28.092268277077793","44.6301679223992","1619.7924680434687","97.61488836169954","13.580776702467098","41.615820559738694"
"2026-06-02T21:50:00","29.30517544434577","44.91158220610151","1319.177957254353","95.63321449657126","6.015679047288163","39.23834956524807"
"2026-06-02T21:55:00","34.981620546668076","53.2074323779812","2344.255567243401","93.77092092412522","41.50621338400465","41.305412307939164"
"2026-06-02T22:00:00","34.1080346980108","53.15426651639537","2249.5936604122235","96.09232046600968","36.91075246208758","40.89093429670997"
"2026-06-02T22:05:00","38.56583512143562","54.559565530314295","2116.5387673962086","96.5369399638196","47.55145524171803","41.29254037578304"
"2026-06-02T22:10:00","42.30543558625114","55.17408648930182","2025.560569240029","92.91836855290806","30.727785890229875","40.87469597558434"
"2026-06-02T22:15:00","37.297140286024636","51.54189208928117","2077.4616446294326","92.38743081340651","41.70139948910268","39.51081978841931"
"2026-06-02T22:20:00","37.79109908392417","49.71932833738513","1944.0216975407327","91.9617504372982","32.14016476951704","40.9506640019533"
"2026-06-02T22:25:00","36.1039925954577","47.34117340733655","1686.0821893137131","96.29160294369441","12.437414017137966","40.66029898745629"
"2026-06-02T22:30:00","35.52537712024171","48.60946950020985","1867.4500297477243","94.74950383016859","37.70678133694831","40.055957976401594"
"2026-06-02T22:35:00","33.8275533629774","53.27768938658501","2261.138546348953","93.71615202824022","46.71145711024093","40.27862594536384"
"2026-06-02T22:40:00","33.85088942284832","48.797020052458606","1857.8987318796612","94.47279311357505","28.46514484823777","41.310616389218914"
"2026-06-02T22:45:00","32.79382611510907","48.14223304378349","1810.5874545831816","92.88014016104417","45.753080187763146","41.553734126622544"
"2026-06-02T22:50:00","33.333040867999216","48.70679968624158","1550.579201034021","95.10364606851509","25.327640823811333","40.53526209915312"
"2026-06-02T22:55:00","39.196277537033836","54.56899836637765","2174.8114207395815","92.64107238251172","16.294826994819942","41.59513700789909"
"2026-06-02T23:00:00","34.54826753401724","47.64046095775446","1787.827901327852","93.82089392708382","26.49173643331328","39.17858474802105"
"2026-06-02T23:05:00","36.52202476694019","48.78402417420702","1572.2973123434833","97.15465657636652","15.547622821302985","41.36555877059274"
"2026-06-02T23:10:00","40.30245997365991","54.309119211071085","2259.1840745024397","92.54453100823696","52.335384322750734","39.91339382717935"
"2026-06-02T23:15:00","42.85759116343517","58.08400126668147","2424.4694086334043","91.46782971609169","49.636834818179","41.2973417449705"
"2026-06-02T23:20:00","38.054954915534765","47.45996511114207","1689.934645152784","93.20150207588351","33.542811932091375","40.8095228508337"
"2026-06-02T23:25:00","38.73814134738627","55.88996007430791","2637.507623935944","94.88406885308248","16.296347711938623","41.194526769587334"
"2026-06-02T23:30:00","39.73993564023215","51.89731481692038","2176.4463396535198","95.54348258078126","47.763198233602644","39.988635086866424"
"2026-06-02T23:35:00","43.36129700466672","57.57468171422716","2496.3199206818217","93.70407884303971","21.64014720930036","40.84037393086302"
"2026-06-02T23:40:00","38.197417089541766","48.50596490785512","1751.8662221598684","96.2879390877842","25.908701539358773","39.12318118520378"
"2026-06-02T23:45:00","39.482275565855595","50.55879831638067","2129.365184386822","96.63311233174795","12.856956421993706","40.64454409173244"
"2026-06-02T23:50:00","35.088595223732256","45.987793999309446","1426.1018934154627","95.88765912225311","33.26022590748496","39.596376702164385"
"2026-06-02T23:55:00","32.43585837041974","47.87201982648256","1634.5212884974735","92.71910392214693","42.69003845739463","41.47669724863935"
"2026-06-03T00:00:00","29.639950370719042","44.61900670791478","1435.1841621177164","93.21166824105366","18.601098175097405","40.96334606697825"
"2026-06-03T00:05:00","32.61579153231372","52.624655240923595","2357.982550530221","92.47016556176573","29.243647052398632","39.943189962376074"
"2026-06-03T00:10:00","36.02940780677246","50.2668194380719","2073.6962191319653","90.37596116512943","7.859923365926631","40.473131679129544"
"2026-06-03T00:15:00","30.57599877024157","44.75985902590205","1389.169227038487","92.01021309718044","20.01925045510589","41.071615767317034"
"2026-06-03T00:20:00","32.69120887781571","48.35448242633698","1901.3947747399945","91.26611231690642","17.8966918797783","40.611353537197964"
"2026-06-03T00:25:00","31.12915958119882","48.83120734275318","1696.169963496053","91.88049515098272","42.2804147369133","40.43676148135873"
"2026-06-03T00:30:00","33.33595984723042","47.48696359077515","1501.8511929633873","93.05718431798083","24.706758490366603","40.398153623977336"
"2026-06-03T00:35:00","39.25828213597105","56.312656640515996","2624.4646005095333","96.0739566708219","32.67766516732243","40.78308438065097"
"2026-06-03T00:40:00","41.41995050510554","54.07248172058386","2511.6310929627357","90.16987468272885","50.52546997924128","41.2270058068733"
"2026-06-03T00:45:00","45.30828367782026","57.33753410041647","2634.155614938881","92.80952459857936","12.820834514804446","39.77733098812955"
"2026-06-03T00:50:00","41.32722521390571","55.6027602689647","2388.292273246723","94.9070304512897","55.291204279132494","40.03050943784483"
"2026-06-03T00:55:00","42.961907013701705","54.49864261793987","2475.2621160489084","95.20957510421758","17.246538774907325","40.529454093324006"
"2026-06-03T01:00:00","41.112717670406575","50.18089549182847","1782.2524441538912","90.98584790053565","14.871726719777572","39.69855794217369"
"2026-06-03T01:05:00","38.94572691749577","49.14834884628874","1987.0963859101118","94.70745095306074","11.941795876500809","41.09108981781323"
"2026-06-03T01:10:00","36.4873891378684","48.99926919186822","1958.797873544413","92.42889285231055","21.58627324856151","41.17143168997099"
"2026-06-03T01:15:00","33.005330409914514","50.08829002355688","1954.6551118460663","92.06904684689792","27.79525505466666","39.75747229325989"
"2026-06-03T01:20:00","39.61907910041734","53.51446307205317","2003.2972866104258","93.38719842387556","42.25257589098074","40.81366194999589"
"2026-06-03T01:25:00","42.337092513747905","54.046361399385304","2542.4282148690354","92.0793506130176","9.077972794657208","38.855019594851285"
"2026-06-03T01:30:00","37.32154770575242","51.673796804392154","2045.6515237113963","90.09398668595988","29.752229614538717","40.372637432250656"
"2026-06-03T01:35:00","35.31895311940276","47.66731607269187","1600.3538468138481","89.74007746663041","21.327904372604436","39.292840274764565"
"2026-06-03T01:40:00","39.16933373098425","49.05679805055143","1843.0320041765526","92.33800037599357","35.27179809018379","40.95313621127128"
"2026-06-03T01:45:00","50.055770635222146","56.42283142401523","2199.718046394871","88.5519700778118","63.351676531397196","39.70250143986767"
"2026-06-03T01:50:00","63.100063474817745","66.43730635343152","3363.931446658517","91.61960440097334","18.006082351869775","40.95435200274467"
"2026-06-03T01:55:00","64.0362189640799","66.57853982279771","3282.055314894823","90.96379204135091","69.63872946161266","41.05428013823409"
"2026-06-03T02:00:00","66.2969736517092","64.8721053506154","3211.6670222005646","91.0893291616105","72.18065638692009","40.7578117163774"
"2026-06-03T02:05:00","69.17494467656917","68.86503814376027","3651.59369445149","92.65852425004726","76.79427269128209","40.98212750357243"
"2026-06-03T02:10:00","72.49644355125182","69.2530970737534","3721.32813643478","91.33301016341251","60.25045618207112","40.33477928510622"
"2026-06-03T02:15:00","69.36296739194141","66.91178863815463","3692.2187409045428","92.12151574637606","82.60189078118246","40.8364096918061"
"2026-06-03T02:20:00","72.40471451804375","66.65817582822042","3609.095130903801","93.30224876931652","23.149419495333817","40.24153525987348"
"2026-06-03T02:25:00","67.09711843622344","65.20669347552669","3129.1132449715633","91.9949941918468","64.443091849269","40.250772806349225"
"2026-06-03T02:30:00","74.77688780314332","67.4574010922587","3641.102117571899","88.61219455566483","79.83050754471051","41.92060764622935"
"2026-06-03T02:35:00","69.95948749714583","63.70687856346887","3052.9554029004944","90.4478228589757","86.72024404711007","40.06175925040739"
"2026-06-03T02:40:00","69.98855621915517","69.42230523342108","3506.9646807413383","91.84238097257484","70.35348438039584","39.405792830350904"
"2026-06-03T02:45:00","74.39390389410103","68.64410537455512","3315.6641723197954","87.82403990885757","85.72488210706639","40.065075067667465"
"2026-06-03T02:50:00","77.44923885278688","65.69574074439602","3415.947297553913","89.82338429159279","89.96824296949694","39.64579084953553"
"2026-06-03T02:55:00","72.50130486126872","65.76014023993054","3417.552081435697","91.96699545238337","74.92384180198907","41.24003486465513"
"2026-06-03T03:00:00","72.00449000433984","69.86011109244939","3836.9564782310276","90.10119616240772","46.65531982230427","40.801130693615896"
"2026-06-03T03:05:00","74.64823971201996","64.70270261157577","3375.762354713439","88.62086555046058","103.26756209715842","42.182949956755074"
"2026-06-03T03:10:00","71.30488907677659","66.91679603385916","3539.295099074995","90.27185000006216","76.86375929232516","39.54285536086077"
"2026-06-03T03:15:00","71.11397080520007","65.40024803211703","3247.03043898625","91.22662461772592","40.5476634892362","41.52484932108843"
"2026-06-03T03:20:00","70.01004495915718","69.02999345729145","3481.1837716112213","89.57879018567753","60.078085980691405","40.15853169136916"
"2026-06-03T03:25:00","64.45588888457512","62.07728125668505","3093.182466605286","91.70664465016375","43.31422534408067","39.65631867984504"
"2026-06-03T03:30:00","64.43392004662567","61.17214494770679","3007.0546366950925","89.74905506321008","87.11449858710472","40.450485011542916"
"2026-06-03T03:35:00","65.53779115499941","67.62737910697427","3806.8455109045835","89.12728911057003","56.01617846566319","39.65658025820329"
"2026-06-03T03:40:00","71.78085986002634","69.30367113673908","3460.2466763629577","90.21390248145676","78.47603068862372","41.300099324490326"
"2026-06-03T03:45:00","70.04094399807929","70.53956141815249","3720.3712862860157","87.372084582798","68.16183501251676","40.41972756642735"
"2026-06-03T03:50:00","72.81614598811828","68.04574571679211","3547.1365999960462","90.57282370706079","74.02069013692973","40.71338730519747"
"2026-06-03T03:55:00","73.07943637404519","69.10142072402118","3999.639721899952","90.03479399332475","53.282904475440574","40.905047968865084"
"2026-06-03T04:00:00","76.16128745715127","75.01568847694485","4047.162124140704","88.57455937226233","62.174551251123354","39.408766003198586"
"2026-06-03T04:05:00","82.20327310927709","73.89519732960842","4192.49534120948","89.52959818058973","55.43722004627795","40.32339058899177"
"2026-06-03T04:10:00","74.48938495928043","69.86627478958731","3619.2235155629824","85.10369777278564","23.096107084976655","39.14005885186894"
"2026-06-03T04:15:00","70.24251103609949","70.76010413007839","4000.1598747307157","89.06117703153137","59.25594140211446","39.516195205098775"
"2026-06-03T04:20:00","70.35486859170054","70.97626631587734","3714.2446558816578","89.26957956683293","87.07497788767878","41.51490461542735"
"2026-06-03T04:25:00","69.80778490665682","69.50573593427693","3547.00911014608","88.2656255067045","43.450748247696694","40.42611193340519"
"2026-06-03T04:30:00","65.2381537145396","62.37834721959901","2911.8523470299706","86.65801930701248","91.93061785644554","40.387048252298996"
"2026-06-03T04:35:00","69.7172402418605","67.48642471377629","3224.702672520671","88.96215946904798","36.366506886418165","40.03272215871714"
"2026-06-03T04:40:00","76.34195542852676","71.21313886263933","3494.70238330336","88.8405429208978","100.58862381968756","41.73465386631702"
"2026-06-03T04:45:00","72.47607086785155","70.1450357844652","3696.573882363378","88.83541178419529","49.660852523642205","40.93957930561235"
"2026-06-03T04:50:00","72.08654127127146","71.06492839793565","3640.234037085065","85.4226737746114","62.069483351269284","41.55539951121036"
"2026-06-03T04:55:00","72.71039408067077","66.57959396870605","3302.4221727243985","87.46745363714001","95.66049473523087","38.863699222619374"
"2026-06-03T05:00:00","81.84632021491241","68.81413185293545","3776.4763155547107","86.278241448028","58.65735899583527","40.337044812107344"
"2026-06-03T05:05:00","84.04437708197342","69.27746274506187","3614.906395873387","82.93471322408145","63.16957726352572","40.2943540221717"
"2026-06-03T05:10:00","85.41845617352143","73.1027787633578","4244.865393830729","88.02605231224292","99.84566326447266","41.29969460025966"
"2026-06-03T05:15:00","76.40788498409717","65.30003493194175","3449.8330889198087","89.24851699151","93.9142163110111","40.69431510340685"
"2026-06-03T05:20:00","74.37661860451392","69.38001104762965","3392.575931137771","85.77089081799129","71.68782267598988","41.46835520467852"
"2026-06-03T05:25:00","79.75530746306876","68.89398148875523","3306.8332196205756","89.04906828734343","24.610293065689646","40.559856859784965"
"2026-06-03T05:30:00","82.4870352380437","76.06408015610023","4114.238104941095","86.56527809091173","59.7364801472454","41.10125382779025"
"2026-06-03T05:35:00","86.92153756211968","69.95717175999637","3624.407962076609","87.87406832731412","48.94482291484261","40.76941766946177"
"2026-06-03T05:40:00","77.55255084220876","71.88977970505643","3817.1408139321748","85.04933753906333","18.835375494932055","41.037841134955244"
"2026-06-03T05:45:00","73.92950116480091","70.05879239203227","3756.042555608232","88.04881049928153","31.347735032857784","40.62278881752041"
"2026-06-03T05:50:00","71.8022656996464","65.34149988233122","3331.1997963732188","85.11674597996581","92.71487240399917","39.935174826866536"
"2026-06-03T05:55:00","63.3545282339158","63.60823472891449","3260.5756607083235","87.26876794435292","64.84553166988474","40.188978639974025"
"2026-06-03T06:00:00","54.951456332402984","60.16943889767066","3099.743686702736","89.04132044389777","11.5786646724801","38.57139384746612"
"2026-06-03T06:05:00","57.10476084084334","58.840761160059245","2815.773127717567","88.14683738660116","51.3335637278237","41.683112872034165"
"2026-06-03T06:10:00","54.0966017464494","57.57340263203593","2706.0863503880705","83.94402211441187","23.998277841340602","40.96068000326491"
"2026-06-03T06:15:00","59.43631091054505","58.30271775459768","2484.683882508861","90.98083557566736","16.248203363807363","39.92810489131031"
"2026-06-03T06:20:00","60.2301195143","62.37683370227901","3297.14964546978","86.29035999483392","38.10550710603472","41.04419797299845"
"2026-06-03T06:25:00","55.41575857089823","57.21530268488157","2549.3385329613216","87.22659681273622","11.386465579326808","41.63390150806971"
"2026-06-03T06:30:00","43.84963079093235","51.82611413439061","2074.547111681485","84.63283591202168","22.880680912481612","40.95859864549051"
"2026-06-03T06:35:00","41.133345389060764","52.163096973517106","2135.760441721765","83.1921718972968","12.213279281821569","42.315292693386915"
"2026-06-03T06:40:00","46.12324698314342","56.267811525750304","2147.1235474622617","85.7198424975947","52.65137244459293","41.00856814637024"
"2026-06-03T06:45:00","40.48648796854561","53.25102343599903","2143.2354374765505","83.75385412301125","18.686018886389554","40.24672358044479"
"2026-06-03T06:50:00","37.71222169899014","52.57882463739375","2262.745840813695","83.83848738067455","25.90133544387834","40.60669752999959"
"2026-06-03T06:55:00","36.26916900626772","53.35064606779426","2155.8138534400537","86.22166367228145","30.591956253781955","41.61555996105599"
"2026-06-03T07:00:00","37.98134247533877","57.656342682345986","2385.8956036799323","86.76325733181457","45.94351255378063","39.70527236889614"
"2026-06-03T07:05:00","42.72398149227362","53.69511615727726","2395.3874454424317","83.96863994038104","33.32665224158042","39.72395192798803"
"2026-06-03T07:10:00","50.25996939554996","62.086198599248","3006.221411104086","85.06806297779718","56.53971914207817","41.18682395852522"
"2026-06-03T07:15:00","48.25661207364845","58.9831608945783","2453.7396657336512","86.04751539669412","19.87685605182039","39.2248786479664"
"2026-06-03T07:20:00","43.55868862819748","55.57544102800161","2242.733082146611","85.62089486271677","43.74318327179076","40.700287828981686"
"2026-06-03T07:25:00","38.591765668634004","48.59823773945316","1789.5678887369465","89.00513242128315","29.656438002865126","39.52012173982325"
"2026-06-03T07:30:00","34.819322313255824","51.57442689370094","1968.304785260933","85.20685569615851","32.88357274583391","41.638444467802834"
"2026-06-03T07:35:00","40.99710360061408","54.42635887202942","2417.5084595615904","84.53612961708127","41.45437703534804","41.75860954254712"
"2026-06-03T07:40:00","46.872187135844115","60.22629386702375","2886.4867665774723","86.92188420435897","51.21227067864777","40.669942777706495"
"2026-06-03T07:45:00","46.142777784418364","52.946923749875275","2270.8080179975937","84.51573606833983","32.19778435024623","41.02409231471651"
"2026-06-03T07:50:00","51.79027939157695","61.404677187172844","2882.8427841040716","82.6057524339543","50.942958611381485","40.86742254363379"
"2026-06-03T07:55:00","44.740965278976354","54.3037899107406","2204.1188851513457","91.189914839921","54.35201213113918","38.90782252548777"
"2026-06-03T08:00:00","49.010381213124354","60.22842275332335","2675.567140112298","85.6705609555556","34.09692684359921","39.755341273613965"
"2026-06-03T08:05:00","43.36686567193259","55.00939838941507","2305.652120242996","84.24149038789137","10.741030987483185","40.59785526946841"
"2026-06-03T08:10:00","42.59761183218672","51.62867859130659","1930.774014189063","84.9209343555907","20.91678217412969","41.50903019823593"
"2026-06-03T08:15:00","42.931878197066375","50.32373766298445","1974.984078915647","82.33285326236533","16.001426961176623","40.5372647258379"
"2026-06-03T08:20:00","38.1917790746678","48.932731616455726","1945.0964913203093","88.24408999194766","19.05786195324183","40.07502683538749"
"2026-06-03T08:25:00","34.936044299148975","51.21428447917728","1854.5044840626686","81.79964985358585","38.46703265342183","40.60629647207612"
"2026-06-03T08:30:00","30.732387668659293","47.85640318985658","1741.68306365434","81.72731028985694","33.63726345980602","40.50810564231779"
"2026-06-03T08:35:00","40.3773589594608","51.61747328508791","2254.983474778463","81.58984244338156","8.288941108569086","40.50922828372734"
"2026-06-03T08:40:00","41.90186515643809","57.574052080109745","2488.67129934067","83.19597785147013","46.98838077815905","39.74444067607808"
"2026-06-03T08:45:00","45.02711583090883","55.764412105051406","2692.155098334125","86.10907850963994","19.806418731250464","40.21804833070469"
"2026-06-03T08:50:00","50.42646356997756","58.28076705098819","2507.6740900811365","83.90515240501175","12.851902201080652","41.37865967817925"
"2026-06-03T08:55:00","49.1265802136036","57.74625714281778","2821.8399324048028","81.31984458606705","52.16965065372415","41.01959004005282"
"2026-06-03T09:00:00","51.307432560313906","52.77349704839567","2448.706749502617","83.70660073067707","55.568549047166954","40.626858900808855"
"2026-06-03T09:05:00","44.67239180771218","58.062704910901864","2943.153336085539","86.06246289145874","25.56179067876323","41.40777640975956"
"2026-06-03T09:10:00","38.90087569902021","54.17090461641063","2436.596765685632","84.53165868043168","48.96540393017295","39.812117874204795"
"2026-06-03T09:15:00","38.269236184113666","50.403857365107875","1879.4697117170274","83.6496429320443","46.02368385116368","40.53449652090131"
"2026-06-03T09:20:00","44.04929532549843","52.31899934333265","2124.7299689332917","85.54856071178844","53.9684052288825","41.12919949442313"
"2026-06-03T09:25:00","49.92902083947838","64.59218231360548","2784.470873673028","84.64327267288388","50.131025758984265","40.61104592915264"
"2026-06-03T09:30:00","52.63193484010135","51.66337143258468","2137.3463812062387","81.68438104874059","54.18562288484034","39.09728902605537"
"2026-06-03T09:35:00","41.35877394722956","54.75997601888622","2244.3737917341664","83.85181746597232","23.67921349087691","41.36432060190306"
"2026-06-03T09:40:00","42.26690875924724","55.48003647051878","2270.9736260494788","81.53505818545477","46.979767395365016","40.693079791352986"
"2026-06-03T09:45:00","41.18176313380933","51.94128445581702","2084.002819186146","83.61059149411847","25.093032117651312","39.26310818829894"
"2026-06-03T09:50:00","33.237909071686396","50.652558845819215","2013.758803564015","87.27849448055673","13.212351360054551","39.541152377952415"
"2026-06-03T09:55:00","42.90268026106542","49.69039215738936","1760.711836318771","86.41358693112353","31.960277974132993","39.966743147213585"
"2026-06-03T10:00:00","47.47147847653597","58.37036170891779","2650.215204941493","85.43136106534867","30.409839783352275","39.8467938209592"
"2026-06-03T10:05:00","37.16920357607048","51.01862063882703","1866.3703702857624","103.26678002359367","26.845251766277578","39.83814291452862"
"2026-06-03T10:10:00","28.864026380708566","46.093191958072765","1511.5019883799785","99.14181173639153","10.954552863443503","40.67481405684428"
"2026-06-03T10:15:00","23.320070481651978","45.31599383397357","1519.4710414046247","98.91579772376043","11.393203763983067","39.861116023899456"
"2026-06-03T10:20:00","18.479111425959694","43.571902627654694","1346.4478301969752","101.48436086590345","7.495448537658545","40.55916599757247"
"2026-06-03T10:25:00","18.24578579492995","37.368376773554","988.647732359686","100.7203978971821","5.275689443776716","40.40793280374324"
"2026-06-03T10:30:00","18.345541616349955","42.57995006490969","1241.672699444437","100.83191724890077","10.119205367321948","39.36278128297681"
"2026-06-03T10:35:00","18.94496942933702","43.543299214423776","1156.1924195051618","101.26498884447804","17.8840395247526","40.87534760981707"
"2026-06-03T10:40:00","18.871647518909064","44.77582823825838","1417.0072616166904","98.97261173535829","5.889072741304716","40.21702306905311"
"2026-06-03T10:45:00","18.944023479632314","47.144110526694575","1635.1873938140016","97.0140344817431","11.072982112971317","40.803161049606466"
"2026-06-03T10:50:00","18.1237309999284","41.617935624845046","1040.7750974523917","100.1639363908626","19.152039518842578","39.347014708448654"
"2026-06-03T10:55:00","17.833667197361905","40.925583877146494","1100.237795335862","97.78637029885323","7.001657278782697","40.33493268474494"
"2026-06-03T11:00:00","15.231942108357915","36.63571822307442","1011.2537665909314","96.9206604134537","14.594639989689329","41.11752002375721"
"2026-06-03T11:05:00","12.175162741117344","39.56636474188372","1013.1314422663962","100.66010337348695","8.682544333944437","40.20132229853932"
"2026-06-03T11:10:00","12.983343636807861","38.81633276208723","1093.9820766067623","98.5637015439664","14.97079833240324","40.396632122432784"
"2026-06-03T11:15:00","13.287831593032214","40.38481000656226","1012.076249508311","95.3018473263857","6.369430321755921","39.9179930337369"
"2026-06-03T11:20:00","13.010729204269442","39.03538145142221","1041.4908253327555","100.20835956301715","6.648612191305039","40.411933361899926"
"2026-06-03T11:25:00","11.03842796250382","36.7401883487751","983.0572606343759","100.80328859839256","2.909796897205307","40.34678108577064"
"2026-06-03T11:30:00","9.68132272820833","42.51813085880698","1119.0103743627528","99.42115085636912","9.586743383350136","38.83651965557431"
"2026-06-03T11:35:00","10.332321406804192","36.35252526928551","990.115948113604","98.3058843408963","8.688850310192558","40.61425239366869"
"2026-06-03T11:40:00","10.938994287325997","38.84301281124306","966.4625896284668","98.73139169352633","9.704020653589371","40.763484071289106"
"2026-06-03T11:45:00","11.164411849290417","40.98616700717615","1095.3473460355065","94.67408022131708","8.662981342707981","40.54959986876695"
"2026-06-03T11:50:00","14.109019520503757","41.207534107132304","1170.270382320817","103.67751648791507","17.04637274756548","40.073794814578406"
"2026-06-03T11:55:00","15.075642997561571","37.319411912901636","1014.974597185175","99.76665702449044","9.098891407390129","39.698743201442326"
"2026-06-03T12:00:00","14.77899695944463","38.59301888975698","1010.9229830490494","98.08671417612445","11.775653106739112","38.830629019077534"
"2026-06-03T12:05:00","11.993270505825715","41.115591667938446","990.2898641611262","99.2263506580631","10.030609094901317","40.12974923089289"
"2026-06-03T12:10:00","13.040861339510245","44.561180111390854","1346.3232665955047","95.30457452066003","14.663689153882295","39.525439681434484"
"2026-06-03T12:15:00","13.625194133150133","43.51515606640527","1132.809718898845","96.07673157792343","18.498510208926835","38.687064244069354"
"2026-06-03T12:20:00","12.020355547752924","37.25646107061781","964.3760975154462","95.09964907789923","9.772361744127823","40.27614901826015"
"2026-06-03T12:25:00","11.140934364321907","38.317821705472994","1085.093003443488","94.23021838119003","5.765907173494457","40.20291563912205"
"2026-06-03T12:30:00","13.651346664707757","41.15043985987","1097.8174792891318","95.93036554095264","16.697966852021707","39.50643659051083"
"2026-06-03T12:35:00","13.256771945664307","40.27368169040251","1325.9695484312836","95.26429423736978","16.880542427636506","39.006868006284826"
"2026-06-03T12:40:00","15.187302187331005","35.97769511025659","1026.9219386871498","94.46139141588168","11.306185688503207","40.351625979922815"
"2026-06-03T12:45:00","14.804793458353942","43.359785970451455","1256.1132066362682","96.80252449942407","18.173649461853582","40.09865359904272"
"2026-06-03T12:50:00","16.735346646198195","42.3860704532203","1331.4262615241557","96.57425806289686","19.095798334733477","40.27022501705789"
"2026-06-03T12:55:00","16.900517686626667","39.03499184732929","1123.5925549790593","94.4321929513753","13.331718113429517","40.64974606139662"
"2026-06-03T13:00:00","15.023765035388669","40.922586733663806","1158.212224825815","94.49227109970303","19.315299587498306","40.72473741852544"
"2026-06-03T13:05:00","15.43203988051435","38.2839879974896","1131.2446667867048","100.68165029112832","4.387049805731842","39.298453698128284"
"2026-06-03T13:10:00","18.8422499893809","39.71616935765605","1128.5384602126771","94.79743795128842","11.620229850089308","39.551709324297484"
"2026-06-03T13:15:00","15.953849144244375","41.167561575228376","1125.8649742962737","100.38506617855559","15.454873095811715","38.83635499103889"
"2026-06-03T13:20:00","17.98475918946015","40.74314419474966","1101.3482764245023","101.50827118031017","20.22140884622766","40.60463274106297"
"2026-06-03T13:25:00","14.847302898418663","38.50781849967418","1049.2153847359086","98.81832424397874","10.899395628800574","39.807940754045426"
"2026-06-03T13:30:00","14.939688097797573","44.06069377991807","1351.346981937529","98.3724099983575","12.421133876654709","39.43792469925738"
"2026-06-03T13:35:00","16.066738404348754","36.209121726996706","1021.5926930021215","99.69066891120555","13.60647206696451","39.81900931380262"
"2026-06-03T13:40:00","17.193007384473844","42.59023789238865","1048.216869257507","92.9956470169141","24.021570366075164","40.82397864931525"
"2026-06-03T13:45:00","16.00610624781221","40.15608420364265","988.9630195664705","96.7134368552014","5.449239276178251","39.887132714574854"
"2026-06-03T13:50:00","15.184477164627738","42.30743858125191","1474.3063443018964","91.60690904854712","4.099946728023533","39.5283446910756"
"2026-06-03T13:55:00","14.224292226686106","43.66881230918391","1337.1683341479652","96.44050193997403","17.804765759609587","39.11086041013426"
"2026-06-03T14:00:00","17.232403538472223","43.96628483239203","1292.926991867869","97.91429286346347","16.074957631107377","40.690933603691484"
"2026-06-03T14:05:00","15.233930174400953","39.984525361427224","1019.0862036760574","93.13015195840309","18.31953292559873","39.33155925702043"
"2026-06-03T14:10:00","13.379839171994059","35.49200855644271","998.2404679418095","96.0300084447558","3.5665313776095915","40.58486759131729"
"2026-06-03T14:15:00","24.860730565862013","40.22567318860298","1056.6092711328993","96.43743855457895","10.705768612172715","40.69541535962666"
"2026-06-03T14:20:00","23.98955988399538","49.15986203473231","1825.6841550647107","95.37297658595843","15.836287541184603","39.804213166161425"
"2026-06-03T14:25:00","24.940347116082137","47.29813640867181","1501.4065178670005","97.03938593648175","13.509840857693106","39.271931630856166"
"2026-06-03T14:30:00","27.264402471018293","45.15199994406619","1459.3533209606962","93.22544169789033","21.58973875991802","39.62087389520713"
"2026-06-03T14:35:00","31.070132321372498","50.37815227299483","2123.325414237806","94.25096407055204","42.12615043297972","38.778292357510146"
"2026-06-03T14:40:00","34.9650938057826","50.97258588492358","2028.472401119054","96.02691854368784","33.80109071379181","42.434998475624106"
"2026-06-03T14:45:00","38.73412611233108","53.10608256145702","2230.4769641050902","96.64552245606734","13.309271847629699","40.45905075433877"
"2026-06-03T14:50:00","40.542098928557","54.16519515457378","2085.593120425436","95.99500709633871","49.66358816684606","39.804319508968085"
"2026-06-03T14:55:00","39.5870310715009","50.86553903035521","1895.8081370712773","96.18808719351281","17.091284555261222","40.83981008895629"
"2026-06-03T15:00:00","41.084793732956044","55.38581083802129","2226.116317259546","96.54319720557825","30.518935884424213","40.51551949757292"
"2026-06-03T15:05:00","43.88466607869748","54.09561469912734","2119.3560480410574","92.93310539076268","35.04317802528123","39.64637077441321"
"2026-06-03T15:10:00","43.14012568291047","52.57101636600052","2256.3539470461214","94.54980858955868","15.454597526493973","39.32121452846391"
"2026-06-03T15:15:00","42.13965306215684","51.151883846760356","1901.11043714429","93.72015480615303","57.279282977928546","38.57131476637178"
"2026-06-03T15:20:00","44.46303228712012","55.27145235736442","2517.460118011287","93.56376321671321","29.67356779600556","39.8664551568682"
"2026-06-03T15:25:00","39.18310240803107","52.4744008130607","1869.813747092202","94.27627406997838","40.05598360459789","40.53767523893164"
"2026-06-03T15:30:00","37.43370328925689","57.02319390498409","2360.068736296908","94.58978918492762","17.19868343029629","38.7291316279068"
"2026-06-03T15:35:00","35.531873061313206","49.11607093207054","1822.7462638284376","92.51576547907632","11.212817207421224","39.532464403420526"
"2026-06-03T15:40:00","41.481497760215305","53.63563520420207","2100.3470853164254","94.3329407136801","43.5935354280544","39.81206805845438"
"2026-06-03T15:45:00","40.88582081279196","51.989924719099506","2088.9941308122247","96.11811592893038","30.755575969834567","39.75046692445941"
"2026-06-03T15:50:00","42.44404220833989","53.12780203884126","2174.235140582947","95.4549084303194","41.79173195583974","38.84673447498475"
"2026-06-03T15:55:00","40.64271744147583","49.904476254551916","1875.8284629405234","93.53088887195285","38.316985111998044","39.83976108279336"
"2026-06-03T16:00:00","39.67416653730411","52.33421004119332","1989.8062484341156","95.68815498742704","25.432357792191212","40.4834433652865"
"2026-06-03T16:05:00","43.552288017304484","55.51044953411541","2333.9070395897857","95.15913342222078","24.708758548713366","39.78353334365574"
"2026-06-03T16:10:00","41.60239223249764","55.53045676235937","2531.456787525932","93.43403034449821","39.89341270130725","39.59923902558676"
"2026-06-03T16:15:00","45.482346628379005","55.982482962701205","2283.9204086123264","94.17047121423654","60.74711196324907","40.15813567182207"
"2026-06-03T16:20:00","41.667518415086285","52.54497371565557","2115.6974127969543","94.6316142033918","42.50542558402643","39.393701708844866"
"2026-06-03T16:25:00","43.590984480179785","54.47379910812616","2113.4970583792933","95.60481322132466","17.437397267460575","40.148048385820424"
"2026-06-03T16:30:00","46.223439670097115","51.94452614826478","2272.304060124397","91.97368874259732","36.756615724073775","40.182074529910466"
"2026-06-03T16:35:00","42.02926360059339","51.668407278968324","2142.5494691675467","91.41453425076138","37.53184527616406","40.1928197780002"
"2026-06-03T16:40:00","42.4921603490888","52.23779440364044","2297.5690401874263","93.34616292341339","37.73463602932953","39.68270580601042"
"2026-06-03T16:45:00","40.56394888181454","53.59581296891109","2346.396353214968","91.31614773740169","23.163376794407387","38.77123210705868"
"2026-06-03T16:50:00","42.78767910893674","54.23184720572689","2391.554958490404","90.60317411315211","17.901621316634014","39.30249494908535"
"2026-06-03T16:55:00","41.217188719423426","55.56981062937676","2493.4062486882904","92.01002358662835","18.752357317687483","39.88529340729152"
"2026-06-03T17:00:00","35.74555751955001","48.89373945520986","1883.1136373283966","95.16979357782319","25.867303128812637","40.929448992959884"
"2026-06-03T17:05:00","37.34128330363852","47.055458612277356","1607.7793714710997","91.48250187982538","21.62265295148104","40.26270851682857"
"2026-06-03T17:10:00","38.55882162547909","49.65447247071303","2048.008802307245","93.60275835547809","44.08993025349882","38.48832378926562"
"2026-06-03T17:15:00","34.83617393531351","47.9365762148322","1770.9997808462722","93.35602065858637","10.410607642725507","39.77515579382009"
"2026-06-03T17:20:00","32.234047905633204","50.110951505088345","1967.8962220505127","90.2080717939594","8.262244820840582","40.23455669486795"
"2026-06-03T17:25:00","30.663589423447952","49.94195302087781","2018.97727781229","92.40290493347466","21.05540123955867","41.327822902755976"
"2026-06-03T17:30:00","28.837138100862937","45.654286584522644","1572.1631178471143","94.15004765568247","11.02655987405381","40.78962880012319"
"2026-06-03T17:35:00","27.00083473371906","51.50274787043329","2096.608923484884","92.65267787599566","15.81128731521875","39.97857015004669"
"2026-06-03T17:40:00","28.093780530692634","45.66996920599271","1565.1004490073162","96.68482562346301","28.4812089882582","39.198532813849575"
"2026-06-03T17:45:00","32.34659569188442","49.20519136124418","1811.3616499090722","92.8825511569003","22.27080936244099","39.93613934628476"
"2026-06-03T17:50:00","31.566190312482643","51.49721549238665","2131.6763337706657","89.98628671217868","18.231042630350878","40.545026149646915"
"2026-06-03T17:55:00","32.85554382350521","46.73380850263502","1546.570666392713","92.14648197436858","30.281910813203044","40.313798104058584"
"2026-06-03T18:00:00","36.04914629180891","55.264797669106194","2558.2001606991703","91.28691490495694","42.56471498086786","40.16869846144649"
"2026-06-03T18:05:00","39.13649891523944","54.26455385144715","2316.015729088853","93.60698198638865","10.865410265135703","40.262004473615754"
"2026-06-03T18:10:00","36.54291567247624","52.603017851086555","2119.1403116192164","92.9991302379713","11.404480280851747","39.48153365937546"
"2026-06-03T18:15:00","38.66426889297301","58.71195492166526","2355.5951552694205","92.9017916674154","10.498281976734216","40.24229830272382"
"2026-06-03T18:20:00","35.46605806898515","52.228898453536374","2084.0232042942475","91.64441629226158","19.643856249829014","40.18345188484121"
"2026-06-03T18:25:00","44.01103198152899","51.42868613905507","1903.3016971287234","94.48355952870848","60.46296039848302","39.386711553470846"
"2026-06-03T18:30:00","52.68275003202378","52.762122950467734","2082.642535086285","93.95805188028666","45.55887854935604","39.30808001100121"
"2026-06-03T18:35:00","60.05773895910336","60.65882943539119","2651.8075161048005","92.0098381698349","27.3419436761841","40.10128275364621"
"2026-06-03T18:40:00","61.60796641487975","61.26612966488551","3077.235589171462","89.33507639019788","61.623850360392865","39.03275835558985"
"2026-06-03T18:45:00","62.835220366490134","63.469237443315876","3222.9544247645476","88.69090783943369","22.058769736804777","39.95021362567617"
"2026-06-03T18:50:00","65.98898337969295","65.35015604490555","3160.849210821985","85.26919759407278","36.74216480692963","40.018314550662296"
"2026-06-03T18:55:00","71.0366416635406","62.973735901245064","3269.9278437542553","87.68537981135516","50.21729051994747","40.46373516117931"
"2026-06-03T19:00:00","69.90042109132122","67.27563501660622","3393.640350395227","90.27931270914321","97.65834883665195","39.77696211610649"
"2026-06-03T19:05:00","67.33098690467509","68.80484834003309","3715.2270148775874","89.94757622119276","90.19066401287472","40.47417744733587"
"2026-06-03T19:10:00","74.79449493480493","67.63289328338203","3500.5993840227616","92.66948816288037","80.19624310511524","40.17001757872105"
"2026-06-03T19:15:00","73.51551398846782","66.68016046163281","3252.8472133539144","91.8877797023731","41.053141357291366","39.60802477321185"
"2026-06-03T19:20:00","68.96987110407107","65.6868776820941","3369.610963055056","91.72597351104338","84.1507350809717","39.77413810810353"
"2026-06-03T19:25:00","64.80046549125791","65.83175596230761","3354.289820766567","87.90708766691037","50.322374479479336","38.759654218456646"
"2026-06-03T19:30:00","67.73739529804435","64.43944349246925","3070.2112288795597","89.11027663017573","33.53693955432224","39.37288578440348"
"2026-06-03T19:35:00","68.19975152952972","64.76643715177512","3037.750241077838","91.57711408932227","97.94119296986875","38.868014829380826"
"2026-06-03T19:40:00","73.81641374339023","67.09599836776259","3316.6003327914227","89.11795887689264","66.64143087736731","39.6438048005144"
"2026-06-03T19:45:00","78.42425069693641","72.47363489039063","3789.3122004995207","91.20685141282665","44.47590564200046","39.75063590365855"
"2026-06-03T19:50:00","77.56875024228005","69.2196687048238","3280.815169212925","91.04959961527454","101.00094293160024","39.41093484190391"
"2026-06-03T19:55:00","74.7671051480559","69.9227352320975","3516.848374716626","91.07625087358738","84.69605212023282","40.10548381584667"
"2026-06-03T20:00:00","76.0857307454323","69.88288698605785","3757.380547407321","92.44178956496474","37.608000979013745","38.112289895335806"
"2026-06-03T20:05:00","80.70832796576634","72.22625845357773","3733.531528072868","89.48331347519903","26.144794940804516","38.89958516993991"
"2026-06-03T20:10:00","74.09835874643025","70.0810339828549","3837.6477314360923","86.82300682332377","36.75241414837912","38.20484153234669"
"2026-06-03T20:15:00","69.87401544734283","64.63356148434896","3138.8159532001782","90.58794239542473","40.69119890240491","39.01686515523473"
"2026-06-03T20:20:00","72.2541657950149","66.60540325109959","3640.9075296884184","90.83730307591138","33.62223459048771","40.24546951661206"
"2026-06-03T20:25:00","76.40311432389801","72.44487429071164","3610.041137736909","86.13220782641365","33.505101400486105","40.11910885109619"
"2026-06-03T20:30:00","80.01438614670124","66.85962103014283","3414.8375269498406","89.69866085776623","56.86940634043935","40.38190639034585"
"2026-06-03T20:35:00","80.09381792143981","72.23779608945135","4130.482366324215","92.22925362910306","32.33949364462936","39.97228668445916"
"2026-06-03T20:40:00","81.2470373872078","74.6753611476339","4258.59176952977","86.28947779118003","19.611874762155196","38.48393271564359"
"2026-06-03T20:45:00","88.19563826274445","70.97668277572288","3614.3085761357797","90.43757762419457","62.700266972881984","40.66082798598743"
"2026-06-03T20:50:00","77.73744719612374","72.93373753664353","4110.410736482514","88.78406128822279","29.4885076985325","38.651297930170095"
"2026-06-03T20:55:00","78.53271737595304","66.26298765397625","3348.7518484921334","87.61630848888916","112.66107436646773","39.6856428357815"
"2026-06-03T21:00:00","84.45067400905792","74.77944044571032","4157.778160276327","91.37432187635585","39.355217168657134","41.14211532836981"
"2026-06-03T21:05:00","80.57707178263404","72.51643493640955","3809.6025915298346","90.93719707689571","46.11121324363437","38.591591548721"
"2026-06-03T21:10:00","83.36679729111218","75.94983615104587","4117.032985087925","89.22206093815578","35.45259131649707","38.45033333724191"
"2026-06-03T21:15:00","82.9709403914971","70.50167492859131","3920.069783297152","89.71554744772705","60.47132555351731","39.47637042470194"
"2026-06-03T21:20:00","71.41085575184034","72.65870887629482","3935.7602888308215","88.2719529194382","70.18592769286568","40.030685923968356"
"2026-06-03T21:25:00","75.28368229419364","72.61692278737617","3699.163374265383","91.37242086554409","85.05714030937023","39.81798992793455"
"2026-06-03T21:30:00","73.99829040722183","68.5266707625964","3649.454269022707","89.51416205536405","86.5943958212053","40.331681652466486"
"2026-06-03T21:35:00","74.67877803811284","67.7578825405126","3289.692905950497","88.79639157007455","95.24958407838183","39.48556463979003"
"2026-06-03T21:40:00","73.32781635864357","65.48176978043018","3406.510698062682","93.73083116773772","90.21507434288394","40.76003532375012"
"2026-06-03T21:45:00","75.60163069585016","69.17864337050109","3495.037498473635","88.17438365478809","60.491464406536494","41.37725155142845"
"2026-06-03T21:50:00","79.90707680391763","68.53064988304898","3666.3814774467696","85.68980012732634","90.1728069980803","41.574250282828444"
"2026-06-03T21:55:00","72.58089162282941","69.87434641924835","3738.7807548377855","87.41147881506564","93.46303921187986","39.42205082123104"
"2026-06-03T22:00:00","80.66054987401702","68.28970498605865","3441.4027838923826","87.50181916193323","42.982086797775786","39.72970230708868"
"2026-06-03T22:05:00","79.93763306720828","68.55023918296344","3396.5695916871946","88.87434926626139","52.90716788537819","40.81682429332591"
"2026-06-03T22:10:00","82.70055453887306","72.19974848861035","3905.671174953572","88.95163706210917","42.131643123924455","40.07625003340231"
"2026-06-03T22:15:00","82.72466425924958","75.06994972361993","4088.3855812702923","87.23566971545826","72.25454276083958","39.62821751947252"
"2026-06-03T22:20:00","73.29378343478562","71.25987394639616","3691.4899621665763","88.99671006219808","21.802398102254692","39.47607077094014"
"2026-06-03T22:25:00","73.1035565045626","67.73684475485076","3481.5025488324854","87.6276066558221","50.184313153870164","38.50339391886217"
"2026-06-03T22:30:00","75.39359585136368","64.89785384475825","3194.4367834112654","86.41663765041868","41.67107000837337","39.848885795697576"
"2026-06-03T22:35:00","59.955923599337325","64.9836640707319","3366.9962400362188","86.75154843864394","66.40173410350134","38.81249722994178"
"2026-06-03T22:40:00","56.12881027112514","62.68744297940834","2943.7699317275237","87.79900860420963","30.57930448743591","37.50780925372819"
"2026-06-03T22:45:00","49.63805196003354","60.2131555178383","2555.216289202937","88.74472820175596","51.1477762048755","39.20957088618506"
"2026-06-03T22:50:00","51.64788369195514","55.12173538630192","2398.0274591426264","89.27460632581146","40.30489657038594","39.56597878881491"
"2026-06-03T22:55:00","50.34174419247626","60.89328679466979","2915.551260531677","90.2414992640297","15.473701594620826","40.24150756724977"
"2026-06-03T23:00:00","44.351854925388785","52.43079872331617","2251.9936848338916","88.10035046475525","35.987802956309906","40.41883256136878"
"2026-06-03T23:05:00","43.764599036320654","54.169504174806306","2332.343264154562","90.46070703801375","58.36415969738515","40.10274427395986"
"2026-06-03T23:10:00","47.2539478821768","56.78077871257645","2686.54875525202","88.26173292524052","54.91494369014518","39.89467418420178"
"2026-06-03T23:15:00","45.74778055838965","57.96130838286092","2428.491492404116","89.00202381688936","37.54318317073053","40.519184307314006"
"2026-06-03T23:20:00","45.5096401489351","57.2508765974723","2667.56591045783","86.97619350957946","45.482755814159674","41.03646304691982"
"2026-06-03T23:25:00","48.94142018084802","51.37760639739565","2215.8067138415167","86.23701123917103","36.309708495387895","39.516901404668886"
"2026-06-03T23:30:00","39.40935353123802","52.8845795032432","2414.006797868879","87.09526799550746","48.10725398214967","40.71052854441668"
"2026-06-03T23:35:00","45.501622125688925","56.24552047328613","2278.2665380751832","84.31045617942704","34.18504482423239","39.43842192174576"
"2026-06-03T23:40:00","47.86155801541426","57.16006865109539","2569.3342296461797","86.62453646489688","37.9250509214157","38.65263662040941"
"2026-06-03T23:45:00","54.22736238862087","56.74435040611272","2594.3746197893847","83.70285337567553","28.72825537475462","39.30993188376565"
"2026-06-03T23:50:00","51.09849702627656","60.48488616153989","2874.5443606547815","85.1943477772172","62.64962555388157","38.87378183895112"
"2026-06-03T23:55:00","43.150184855358944","51.15868006021792","2148.9001982015816","86.55716394204562","33.61403872944505","39.39719321542438"
"2026-06-04T00:00:00","40.53093106379254","50.916125029307175","1953.079382987176","84.59873085571603","10.346975650371524","40.45303522840732"
"2026-06-04T00:05:00","45.32057232205594","50.92793282797635","2168.3482579152296","85.80221836810377","21.13197844098849","39.259822410044166"
"2026-06-04T00:10:00","37.60116522290642","55.35509555447797","2398.7980226181157","88.9109582990197","56.76632885484575","38.737893185550995"
"2026-06-04T00:15:00","47.78183962302518","59.05626697871323","2545.0359314759176","83.42455765013733","34.3531190286891","40.29061275844338"
"2026-06-04T00:20:00","49.23257269563583","61.12254899880686","2859.263408588337","84.83163653289715","54.22691302537324","39.08742330646536"
"2026-06-04T00:25:00","42.20686003677958","53.27957156305282","2118.7168845640012","86.17262820150407","49.381755166737676","39.739178426369996"
"2026-06-04T00:30:00","40.7750893850504","54.462929553692625","2044.7742202413428","86.59018836196611","38.25202009862606","38.538283835699175"
"2026-06-04T00:35:00","44.099072765503024","57.28815292785291","2427.313820830734","84.96060286038868","58.41289897816331","38.70358151037916"
"2026-06-04T00:40:00","40.792704546094775","54.0987024408278","2303.8246669011933","85.95784498935191","16.53208129920858","39.28765621675392"
"2026-06-04T00:45:00","45.36721539630519","54.141315537170485","2153.73944913049","84.07187620700773","52.70925070031734","39.59719744866094"
"2026-06-04T00:50:00","42.79254936138616","56.681399046284696","2317.6019493282706","87.9522320325078","12.791087475468492","40.042160458956594"
"2026-06-04T00:55:00","45.58265209397082","53.73529174760122","2500.126940889527","84.73849491206757","48.67100085726239","40.06056682095909"
"2026-06-04T01:00:00","40.6183382626562","51.70418445414468","2500.186130436282","83.82545863172226","37.228630749509506","40.53740732471831"
"2026-06-04T01:05:00","35.32926218165612","49.02370154444534","2012.008899126199","86.87333648834198","28.26411673384916","38.555279143949825"
"2026-06-04T01:10:00","30.700185054084084","49.49088503393328","1858.0759611632313","83.41186279511405","15.373105293070607","40.19763798567007"
"2026-06-04T01:15:00","30.746985251933253","53.01695301509128","1988.089748095195","84.59543267262868","20.799775287254345","39.15249711066015"
"2026-06-04T01:20:00","40.008415364198655","53.86439106943896","2324.8605502540463","84.08545166205454","20.439375956521438","38.36635181113329"
"2026-06-04T01:25:00","44.417069437101354","58.18852005614974","2552.1859731884397","84.3166820451703","24.161721782124292","39.10604096144898"
"2026-06-04T01:30:00","49.987235704348606","59.71058800049319","2607.1498416641","82.99723106052055","65.35676152832465","39.08469951796065"
"2026-06-04T01:35:00","47.12934902365659","56.771199921072935","2743.5945451688535","88.0585196998141","27.814844211297192","39.03373589002717"
"2026-06-04T01:40:00","49.77047757153951","57.06766527887857","2423.5628695688333","84.1408777233117","35.872738234620634","39.014967458848"
"2026-06-04T01:45:00","47.97749980437491","58.66374808987238","2444.589249576646","84.72727539768702","27.79275760631405","40.00415624890614"
"2026-06-04T01:50:00","50.740690869745904","59.00919931476375","2494.4520260313625","83.49605135516858","27.56403728102811","39.29656293327676"
"2026-06-04T01:55:00","42.8343416990741","57.43716073600171","2355.580893905137","86.14924613228739","16.908630581333966","40.890224544509906"
"2026-06-04T02:00:00","42.75496643622708","49.71509784339999","1862.6188001110006","83.94777633771211","55.200909173827924","38.879096467629175"
"2026-06-04T02:05:00","37.255259535738944","55.25505980319238","2389.280175351423","84.10078807589561","42.99502285876007","40.036239293186206"
"2026-06-04T02:10:00","37.40894987276865","55.43486054719466","2416.9332006894247","83.07243929458659","25.521249147433075","40.42119119608873"
"2026-06-04T02:15:00","47.76464867161548","59.61635784491419","2893.8614334158433","85.30233521345005","11.040247558090421","38.155997930294596"
"2026-06-04T02:20:00","47.67833243026879","55.61264913144254","2492.125286405338","81.31508416873035","32.196616834893085","39.909497446295966"
"2026-06-04T02:25:00","50.032001417777124","55.9788895513696","2494.936194068561","85.8376558241833","48.93948958453186","40.56559864819979"
"2026-06-04T02:30:00","47.34223011619494","53.203412120499415","2226.474128751779","86.7742400570991","30.41096040075451","40.31274965962241"
"2026-06-04T02:35:00","46.159396719914575","53.5611231937699","2574.0166307706486","81.79894221815773","56.78453213349911","40.672982262444336"
"2026-06-04T02:40:00","44.68656692909489","55.63178528848926","2382.0661291668825","80.89479801896083","59.3616033084144","39.887705042453945"
"2026-06-04T02:45:00","39.75723729752816","53.13270679661505","2097.2556126450054","101.14979652530171","34.11809334452577","38.50511848418841"
"2026-06-04T02:50:00","30.113316796296537","48.46404482352543","1757.6709169062665","101.8386050427747","21.852041155187877","41.17321565508126"
"2026-06-04T02:55:00","25.22604380826772","43.11708527049382","1398.1481980367978","99.16643948816117","20.281747333561782","39.4360050286354"
"2026-06-04T03:00:00","18.702809336651935","48.879130231567444","1664.981415842905","97.93671455933014","16.869976664886043","39.700527754407545"
"2026-06-04T03:05:00","20.45708390965635","41.13407914682248","1248.8781511809543","100.81421789931582","12.558659567929926","39.99030304902411"
"2026-06-04T03:10:00","17.131575368472404","40.70632795015875","1270.0093134797207","100.83248732698301","23.63856659193435","39.53547423701631"
"2026-06-04T03:15:00","17.343878523059225","41.35617777994671","1150.8496141713035","100.12579858207127","6.550158868597054","39.771909998771356"
"2026-06-04T03:20:00","17.892156135906383","45.11821207086887","1417.978408999018","102.34394766534719","9.51050845530372","38.90136539051405"
"2026-06-04T03:25:00","20.462504306217813","46.0232638812802","1569.0985875517772","99.22576842974168","4.292315193367296","39.00625340309718"
"2026-06-04T03:30:00","17.419812405129832","47.50918573880963","1492.4553545581373","97.4348003910608","16.13162586777184","39.29807332773922"
"2026-06-04T03:35:00","19.225072749197025","46.64064338166827","1589.3489164175162","97.13624479365251","6.33802160600109","39.67448508944122"
"2026-06-04T03:40:00","19.85963571437794","44.002290036394605","1301.844610135138","99.81396939087307","26.765887634896483","39.23725220942972"
"2026-06-04T03:45:00","18.207361608305405","40.76404050597919","1080.7828324867555","96.3115651493393","13.378010343002659","38.88642079006721"
"2026-06-04T03:50:00","17.69593072998515","40.819799195949926","1164.2396713867117","98.49038457379731","11.772459883823908","38.89976316913897"
"2026-06-04T03:55:00","16.557177639214956","40.782210292839395","1336.197535678899","99.05049849663075","19.368354235680393","39.73933165681141"
"2026-06-04T04:00:00","18.53945490893134","40.21095844068507","1167.2870560073636","98.03189560290828","18.377607798144094","38.4268171490555"
"2026-06-04T04:05:00","17.850247057227328","42.29925716859616","1514.1653027573032","101.59977985117249","5.562672363669089","40.10005940632169"
"2026-06-04T04:10:00","19.580120337928506","43.71280529493029","1226.5467844348384","95.15744200251322","14.641701927741423","39.414947934352924"
"2026-06-04T04:15:00","19.302029502266034","45.3963629648383","1547.0010548096054","98.1336567569532","12.84294005163626","39.913460149804294"
"2026-06-04T04:20:00","16.553921408924904","40.80868823349057","1015.021632159149","98.21273055823733","15.404971794013182","38.09004890852903"
"2026-06-04T04:25:00","17.361050206988935","43.81425233739221","1235.3327884309647","97.30350954772315","17.103554782089635","39.74494455497474"
"2026-06-04T04:30:00","16.779375051865916","41.264134472559775","1211.8669790471067","96.56295490291878","22.76801779418684","40.56460244201427"
"2026-06-04T04:35:00","16.72283986081196","39.98373433896611","996.0234243846728","102.40753492636435","8.682935344950602","39.96776317588723"
"2026-06-04T04:40:00","13.800646838013039","37.441622939534994","1011.995317389862","98.3238297034486","10.706100472304458","38.61915660283455"
"2026-06-04T04:45:00","11.777411572696233","43.44407463625106","1200.4408657312847","97.6001250262566","5.934109705549929","39.25513795604553"
"2026-06-04T04:50:00","15.278670733377504","37.909186723159095","1115.8147664389803","100.33627480373065","18.86143826026885","39.1812631895845"
"2026-06-04T04:55:00","12.841087311607119","39.36014500046733","1053.1017841539458","96.14750677685718","15.520334996970705","39.526662133738434"
"2026-06-04T05:00:00","13.35837861339631","41.89007350529043","1135.920428427687","97.5040630338313","18.77098376425707","39.4490059653553"
"2026-06-04T05:05:00","16.161994851068247","38.01204833266278","1108.4397382462755","99.67643999374074","21.585821278265062","39.60796576368976"
"2026-06-04T05:10:00","14.042042931808387","38.62561569099235","1161.548932133571","98.97501127657927","3.357359525033097","38.180391439032256"
"2026-06-04T05:15:00","16.065935210790684","44.19335735515615","1248.5370154632435","98.20397508339033","16.514522543329623","39.33791897689988"
"2026-06-04T05:20:00","16.57028252921109","38.26669131580467","1059.1426801066498","96.34454506430154","22.19900278558594","38.441589877623045"
"2026-06-04T05:25:00","17.15359142434462","39.28045698450793","1064.7234186939406","95.17450464200778","8.84780498304643","39.64066703366752"
"2026-06-04T05:30:00","19.178410627796453","44.781518467368585","1380.6467274070178","96.81795526247676","11.300296997887417","39.87956341703189"
"2026-06-04T05:35:00","16.854238002714204","43.58388901102791","1447.3211887283398","96.93565574653839","16.73909910151157","38.87450332149318"
"2026-06-04T05:40:00","17.703319930613063","43.03610062830181","1390.379280543653","102.1149095398051","15.440682923917372","39.64531084415989"
"2026-06-04T05:45:00","17.78932731811094","40.706507723086354","1205.7823719111082","99.13250996324743","11.81790871140065","39.83605261678705"
"2026-06-04T05:50:00","14.921085733974051","44.3330667103283","1479.9465731375021","97.4939846556399","14.252366895471358","39.349878663189045"
"2026-06-04T05:55:00","15.329336658504113","48.007780125803635","1760.4768598554788","98.75400488786501","19.517133535921218","39.13349778036296"
"2026-06-04T06:00:00","14.360289626475456","39.47117156751003","1065.5337449621013","96.13996279804184","4.91724143147701","38.70926782995007"
"2026-06-04T06:05:00","14.134160008448237","38.910153507820795","1079.8567973276","94.02899558203272","4.832349218294922","38.27942588183953"
"2026-06-04T06:10:00","14.884805896653598","42.59135444882336","1163.791540184053","98.87291686890245","9.631660331828613","38.7950460239988"
"2026-06-04T06:15:00","16.420885281405972","40.22210053751264","1008.9294308265416","97.30249632495618","15.29506761021221","39.71327465168247"
"2026-06-04T06:20:00","17.058209957088323","45.076160285104145","1393.7523062112596","99.39512414870079","8.399690649939526","40.184252210932364"
"2026-06-04T06:25:00","18.945363937575777","38.24381494004571","1048.1050088572745","95.49912024796988","7.338897849937148","39.82084572857197"
"2026-06-04T06:30:00","15.207016131868176","36.39310807813256","1014.2472609266177","97.41079740399407","12.569051722771137","39.47650342578853"
"2026-06-04T06:35:00","15.151862664251782","44.5149644910138","1501.7976700707468","96.68313792904911","19.868680932997346","39.3069322523272"
"2026-06-04T06:40:00","13.780365115852698","43.48134223878085","1452.8883593599567","92.23196129338108","6.401322641878472","39.817554849047"
"2026-06-04T06:45:00","15.142397827431255","39.13559816823654","1038.478834590701","96.58728251318541","16.62904209988948","39.58270553275977"
"2026-06-04T06:50:00","13.925241355044912","41.39382778682074","1345.6545486054533","96.04808082536707","12.404559100470646","37.566426935913114"
"2026-06-04T06:55:00","24.029091566079963","47.224006163551195","1707.662389215741","95.57566469025912","17.605211020635757","39.07340368417993"
"2026-06-04T07:00:00","26.51834408423728","45.69301994178365","1498.2402554927605","95.13716320494939","34.61726987877427","39.45325263501053"
"2026-06-04T07:05:00","25.770130599710495","49.992832311618436","1843.6927633522523","98.07705374888076","27.252928487340395","38.803600136233726"
"2026-06-04T07:10:00","27.19058512005616","47.542782180819216","1651.8044895801806","91.41378307899097","37.49672096251812","39.10986987768502"
"2026-06-04T07:15:00","35.34937554505951","47.21856564693494","1879.5697027045244","94.22931316756782","33.06023896946437","40.147499084174854"
"2026-06-04T07:20:00","31.69191159138379","50.53614670215903","1934.2438433726813","97.88790536101335","15.104191040132886","39.62615377478167"
"2026-06-04T07:25:00","30.17461657288751","48.0880511276684","1594.9252197543813","93.76144415432415","35.00745126063404","39.63903737681128"
"2026-06-04T07:30:00","34.935603491879355","52.03671783901288","2218.8643130787386","95.7776274667299","9.921066628843507","38.96292184942202"
"2026-06-04T07:35:00","37.45703927832921","52.425998505321644","2173.086707048031","94.81101611419287","34.8713237200434","39.04238673322014"
"2026-06-04T07:40:00","42.79925527552429","53.08814307315477","2202.5104374479965","94.7094134344201","20.009264540638746","40.832790521147764"
"2026-06-04T07:45:00","36.403326623221574","54.83074207104822","2162.210650252802","96.88220438197224","11.682037069622957","39.6321437309864"
"2026-06-04T07:50:00","36.32255374496029","51.09338439521124","1962.3544047539242","98.5933476168092","51.25221695090471","38.79898056784891"
"2026-06-04T07:55:00","38.45955451737042","54.23411914507339","2237.321378843111","96.2398844193008","33.45235310644402","39.08949148503667"
"2026-06-04T08:00:00","41.515039510999685","55.4369560455424","2536.8753540265943","97.27525324897111","27.972033300516138","38.95790673154586"
"2026-06-04T08:05:00","42.73122140366891","53.51434481805192","2233.8151833178736","98.78406961918533","8.928836406731612","40.836826152721166"
"2026-06-04T08:10:00","44.33953613256772","52.50309609589625","2027.3879933436697","95.68975012480553","48.91920360313363","39.2722661858235"
"2026-06-04T08:15:00","44.56733650191558","55.15167978230152","2309.1074182472653","94.23372039850021","30.333059993314052","39.327377715572815"
"2026-06-04T08:20:00","39.7236871178422","57.71013998726687","2338.308092639435","97.49789348529815","40.635979009095585","40.06875864751786"
"2026-06-04T08:25:00","44.931035095526745","52.280850446706566","2031.2938410088416","95.98856241962906","30.976030228883168","41.38975138783186"
"2026-06-04T08:30:00","36.66811983820982","52.11502299504257","2264.0511563091727","91.5044618812756","24.580255510596995","38.10673864870733"
"2026-06-04T08:35:00","37.288188970348976","51.78042962492164","1965.2978282866102","90.6657808937783","38.85301694634606","40.516141567189905"
"2026-06-04T08:40:00","37.57340415720908","49.62571128046717","2078.514230076905","95.48970257541019","54.41584050314345","38.61885477377385"
"2026-06-04T08:45:00","37.46205628677373","48.66673259417469","1931.7041267447332","97.18202612736158","8.19475716271403","40.16096484547191"
"2026-06-04T08:50:00","38.41596858857425","48.93430941920381","1952.913932937408","93.0671007389528","18.678347079961558","39.36650187850603"
"2026-06-04T08:55:00","32.64896078549797","52.13711301707382","2212.0634513389537","93.69370748755148","24.446115432305852","38.64027701614701"
"2026-06-04T09:00:00","37.223346484844186","55.54993835182078","2268.775867186122","98.20849595609059","22.98578400486388","38.438312493376955"
"2026-06-04T09:05:00","34.89500136767296","53.7034350209601","2106.2587922873563","94.95643593483506","41.30076830334109","39.501754466827904"
"2026-06-04T09:10:00","39.478195258768245","51.28366436220649","1977.640955749071","93.0599247079368","45.82755932767316","39.51984589721114"
"2026-06-04T09:15:00","35.48529343401345","48.66464030889922","1922.4701082272384","92.91433221835221","29.441133238622733","39.49864429231925"
"2026-06-04T09:20:00","39.26095251329778","49.53514760153935","1815.352433354806","92.5567729832279","23.6969919495089","37.55437426458989"
"2026-06-04T09:25:00","38.35854128991891","50.760896438405545","2093.9440977163417","96.54975400069938","13.89122568306807","38.96873491533176"
"2026-06-04T09:30:00","33.4590729997225","46.4609508861536","1819.9102838662222","92.29968364644402","35.704776286631116","39.44785829221206"
"2026-06-04T09:35:00","39.296496050994584","54.66273613909595","2246.766362812196","93.9829808970976","43.19345188877467","40.316924823535835"
"2026-06-04T09:40:00","39.17069055908623","53.33062183881542","2009.4199733873995","93.67711745867477","47.07955699238688","38.29542456531267"
"2026-06-04T09:45:00","36.02300974654355","48.672511459436","1738.5435704712863","92.16468844655077","9.651276238007204","39.08715238241674"
"2026-06-04T09:50:00","35.46089083893803","54.77742516296574","2244.098384047475","95.3047205849036","44.35078961386478","38.76586881166402"
"2026-06-04T09:55:00","31.93923820212646","51.759471843339696","2113.5216964107262","91.74863190860154","18.555520123890027","37.54837325023147"
"2026-06-04T10:00:00","38.297134574358886","48.02091132125129","2091.8375925372975","93.02133573511772","13.472439597451261","40.404257701691485"
"2026-06-04T10:05:00","38.123707337219486","51.078228942979024","1742.3953472701746","95.21623619663934","38.41512856377731","38.90414347957853"
"2026-06-04T10:10:00","34.99304455226206","48.31184068458517","1817.0924417690514","94.93157420792741","7.200018212282962","39.549966983990025"
"2026-06-04T10:15:00","33.00967621284777","46.35708523531139","1618.2081230402262","93.69445783456962","25.34282900115371","39.02332147439571"
"2026-06-04T10:20:00","35.647637759790854","52.2578824171904","2141.9772683654674","94.76035503852988","39.57172146579689","38.905605146279775"
"2026-06-04T10:25:00","32.08250129895446","53.83588065445889","2081.767462975511","95.2256112739809","31.339314759466895","38.514516177531526"
"2026-06-04T10:30:00","39.519640676796726","50.72575284980318","2010.2185277154952","93.4203772290192","37.42621262788571","38.85536974491504"
"2026-06-04T10:35:00","39.43545976030922","53.43505371275437","2110.3431189592056","92.21860912812507","21.969776436967162","39.26692622648243"
"2026-06-04T10:40:00","44.787356755080864","52.66070255358588","1932.995956273186","92.21430875936348","54.2789389691122","38.28070190654935"
"2026-06-04T10:45:00","38.755418589619254","56.58670748329253","2318.0972671832174","93.77033636927838","39.74906028828261","38.650507605259236"
"2026-06-04T10:50:00","38.144418975518775","53.077277699557136","2502.039843124151","89.55485375350555","43.15468054674108","39.76436958224385"
"2026-06-04T10:55:00","37.82940154860679","51.30674893932403","1890.3512719286887","91.9951379650907","38.8829441061499","38.84006676703594"
"2026-06-04T11:00:00","35.7252427521537","48.72479174802278","1938.327563625345","93.04137841928136","44.91349010998988","40.09237043547794"
"2026-06-04T11:05:00","44.43760773127107","57.687240847361196","2488.9018192183003","88.4573268932737","41.772471639883825","39.71389442339354"
"2026-06-04T11:10:00","57.73393451970548","60.76555575148711","2525.241173293079","89.07964612493713","37.958737894964315","39.1589399236176"
"2026-06-04T11:15:00","61.98667263902779","62.4533587280779","2989.1816391877765","92.10974479269281","75.91534895805101","39.38619332953201"
"2026-06-04T11:20:00","70.34830112484207","65.24058018954248","3159.13068121741","89.30126736796136","60.40906929707652","39.23153224137404"
"2026-06-04T11:25:00","73.70070148830688","71.45151410262294","4014.252263187245","93.6897268525172","77.89273136758396","39.45640119491061"
"2026-06-04T11:30:00","74.35622994967467","68.86684035417122","3663.6551816353785","90.62133255970555","50.832374666934435","39.17251998807965"
"2026-06-04T11:35:00","76.65002071112737","73.03007518949305","4114.661542881093","89.51587578751402","36.27822896049675","39.5456039787014"
"2026-06-04T11:40:00","74.95516173198428","70.33099186514436","3931.8348067754655","92.49033075115467","52.3301168819833","39.98449840637048"
"2026-06-04T11:45:00","73.88097097426464","69.50389156516565","3342.7403193806035","89.70296355351245","18.72029827818665","40.186069713348516"
"2026-06-04T11:50:00","69.7182208528743","71.47331668642411","3628.896320862128","91.87962830907023","34.725067320351094","38.519217923281346"
"2026-06-04T11:55:00","76.00329476406948","67.42188925883588","3511.1559213587075","90.00353448921578","58.72276236606211","40.74237494511421"
"2026-06-04T12:00:00","70.36645019239731","66.79069351365801","3484.095447250706","89.15791672906151","89.12504030668549","38.932894305522126"
"2026-06-04T12:05:00","68.46927537721943","66.90855625759336","3317.961533434453","94.41106975901761","30.294424965922733","39.471732986331574"
"2026-06-04T12:10:00","67.19540857059569","64.00819945987851","3267.816109104643","89.64781582154907","81.06351715937242","39.6126716845962"
"2026-06-04T12:15:00","65.79340580618646","63.53314731460246","2941.724764556323","90.54736293883681","60.499931437457846","38.57340508263681"
"2026-06-04T12:20:00","65.72963312154187","63.74843501780536","2987.5179800146966","92.4490288612405","21.621529498012535","38.579736533798"
"2026-06-04T12:25:00","65.24771280748395","66.42852321813233","3008.3987778483593","91.47595684791318","39.291630362965044","39.07504671337449"
"2026-06-04T12:30:00","68.53369140879184","67.86949921540666","3710.9669082971036","90.90215734257198","77.91046947218608","39.38561299591167"
"2026-06-04T12:35:00","71.65737624163536","70.37857680370868","3802.265087400823","90.53855685986555","81.0173931733389","40.5821106519298"
"2026-06-04T12:40:00","76.63839062933066","69.01036944123192","3577.9696041594684","90.6597358442904","102.83256778349413","38.15943197239389"
"2026-06-04T12:45:00","70.10508481324061","65.94162083306323","3327.939234039082","88.2398581654393","90.80709353188668","39.10454038914504"
"2026-06-04T12:50:00","73.78462731920081","69.03986444959472","3746.828043563775","89.8358315652263","21.26120187096133","39.044547779753756"
"2026-06-04T12:55:00","79.60880996543031","71.88501840269087","4114.744949871567","91.39712616704945","68.34816102808816","40.560102109655524"
"2026-06-04T13:00:00","79.44162109671679","76.53816252852825","3912.8424563819194","92.14217154947045","51.63268020452593","40.72528049196351"
"2026-06-04T13:05:00","84.52159279287235","70.69279089662152","3773.1504561691117","91.62262795704106","20.992965259465155","39.434445418068485"
"2026-06-04T13:10:00","83.2714045581734","72.38770152733353","3834.5080111497687","90.1164192475901","92.93592253412478","39.22144797369272"
"2026-06-04T13:15:00","84.50517478732309","75.27169880714732","4222.77978853393","91.14164244305715","52.639896471569855","39.45415055286564"
"2026-06-04T13:20:00","86.46423117405902","74.62876556553897","4429.716519374326","89.86928436418064","20.2981426699361","39.26904033568734"
"2026-06-04T13:25:00","88.29467475376538","74.42376439978935","4019.8635044996818","87.06495112013097","23.929331075909776","39.97493462623518"
"2026-06-04T13:30:00","80.93529679784277","76.63975296865569","4493.586176167435","85.58286148575334","84.44732931148809","38.97608522222506"
"2026-06-04T13:35:00","81.72308066076","73.2075524712778","4145.731978663756","87.90809435443595","86.25050629246546","37.64241766300561"
"2026-06-04T13:40:00","77.49130043571951","68.88472659229866","3804.5264740266416","89.41533725528271","36.660501812369574","38.68229321486688"
"2026-06-04T13:45:00","80.33375660947603","74.08341976868407","4405.490121766823","87.81636008107188","86.36240083225279","39.33391778402889"
"2026-06-04T13:50:00","82.03223812479186","73.70264412930615","4254.2312079222565","86.67885344208844","31.075756246400836","38.348283011429906"
"2026-06-04T13:55:00","73.80688607742559","67.31866119803587","3396.0838964405825","88.89026415081359","40.25877382334899","39.04119946973268"
"2026-06-04T14:00:00","72.26736939742324","68.07096045311546","3525.803338346768","90.10182214138436","37.07914541711915","40.11442017949976"
"2026-06-04T14:05:00","78.15113402687687","68.35485541207784","3637.0210540589155","94.48857584428687","48.6001686847252","38.290096222551696"
"2026-06-04T14:10:00","77.09326653217349","66.9552359716261","3331.125352096817","89.91434976053851","16.72505922855277","38.14980053175096"
"2026-06-04T14:15:00","80.48392614856971","67.8850324932471","3600.3844578452836","89.21445005879933","38.12496426460756","39.78310097894612"
"2026-06-04T14:20:00","76.87634828603221","73.1881776868596","3918.697216988001","89.61796469575226","105.92309809602729","38.0997860784062"
"2026-06-04T14:25:00","74.69022907829878","64.61285627041826","3695.4026285440605","90.06375600382705","22.577671491822574","39.13014260261537"
"2026-06-04T14:30:00","72.04032334533734","66.13575148691804","3461.447462734849","91.31369909412587","55.13503603169583","38.61667392515829"
"2026-06-04T14:35:00","69.60337430972702","69.59900427320198","3885.0842113596595","86.97088958919495","23.203626839036712","37.62009901092415"
"2026-06-04T14:40:00","66.1134614757291","67.53980331889029","3197.6712822417735","87.25771664362284","35.79359235185383","38.65465080212942"
"2026-06-04T14:45:00","74.08188688375348","65.11124974892114","3164.2587868538108","87.16796428901512","50.529054873935245","39.19521419306664"
"2026-06-04T14:50:00","77.1696344976836","71.4450822235498","3939.9958482277857","89.85638932926918","89.28800818770084","39.552973161378574"
"2026-06-04T14:55:00","80.27564047701185","68.00140132792035","3730.9546259243275","86.9941502580566","60.15280544946203","39.515385669570065"
"2026-06-04T15:00:00","83.198828760572","74.00946681671547","3848.231602519514","86.82372589247447","20.04999826578237","39.22855309202225"
"2026-06-04T15:05:00","82.81466517368692","78.01658618424256","4345.31365882603","89.86174146023622","94.74774399134931","39.44044187701523"
"2026-06-04T15:10:00","82.76878005866186","70.94092136416035","3841.1471354280225","89.01100979471096","89.95619284542705","38.619471400245956"
"2026-06-04T15:15:00","70.907120354304","61.50157176552296","3142.361966067427","84.51271978818689","43.07609168350923","37.237030701698764"
"2026-06-04T15:20:00","69.98585550874738","68.81532282653261","3718.2408592647826","87.35256711017021","49.109344615647764","38.75284938122289"
"2026-06-04T15:25:00","60.58574987041695","60.50574497436329","2670.3917953984915","88.56432056539907","36.11922808306684","37.9325774848649"
"2026-06-04T15:30:00","47.7826786814283","54.0324312736528","2249.8974978379797","85.5688546130872","30.325438249144177","40.05796582015768"
"2026-06-04T15:35:00","42.722686704320836","54.65309713680602","2474.9653337746536","86.84518867651286","24.15079255960088","39.44216292461178"
"2026-06-04T15:40:00","43.908080936426174","56.576590435072234","2238.1807031984677","88.91798651498834","59.728407725695575","38.476676847061576"
"2026-06-04T15:45:00","44.42681120354245","52.794268791121446","2315.3255948912742","85.58723047481912","43.581799041245816","39.39255631623304"
"2026-06-04T15:50:00","41.173751937060516","52.31998175964033","2411.988611945912","85.18042023698817","20.147462196254224","40.11444759469749"
"2026-06-04T15:55:00","40.96641992332277","50.54530464900832","2131.939598283785","90.45967632454855","31.191985795717827","39.217116146108644"
"2026-06-04T16:00:00","34.11633084297808","54.501903132156656","2346.7705835868","86.93590745648022","34.14150801735064","38.68544348164159"
"2026-06-04T16:05:00","43.39685022662759","51.742864639487365","2084.8834733821004","90.04774038045818","32.593814312748265","38.58350036085893"
"2026-06-04T16:10:00","40.374124239600505","50.55841913358718","1794.3098911468628","86.79434156740204","44.38358689118807","40.956916216821014"
"2026-06-04T16:15:00","46.99876940663403","56.15479951989873","2574.2433217780076","86.31913484797593","47.66173392605983","39.15746317256304"
"2026-06-04T16:20:00","37.631192264002756","49.468430152834074","2181.834741741739","90.12409091218949","11.095089452603087","40.080750185739625"
"2026-06-04T16:25:00","33.45169000191409","53.640310064427474","2230.4528548726926","86.7366746317362","16.198371279479435","39.42088825838146"
"2026-06-04T16:30:00","29.665457388281386","48.7960124603717","1788.405295753039","87.44781219408011","35.86702598862806","39.78173837670731"
"2026-06-04T16:35:00","27.929880019871177","48.460532437628665","1771.567031811448","89.70726054759078","15.262254029002397","40.31941387806116"
"2026-06-04T16:40:00","36.06105216265109","51.663430980631624","1919.0571163401407","83.80009613367893","36.23906998286495","38.271751969883255"
"2026-06-04T16:45:00","38.04384379446579","52.720940130731584","2166.3991594486315","85.97646362053938","46.246119563178056","38.557606743206804"
"2026-06-04T16:50:00","37.94263608747397","46.78874547141518","1611.3208061666178","88.43323456922349","34.52534734259366","40.417212756794825"
"2026-06-04T16:55:00","35.554276952929364","48.92656663170085","2120.3025061203207","89.38704864325895","33.852952836880945","39.8506672822946"
"2026-06-04T17:00:00","31.365230925831476","50.235678151357014","1726.2207704120462","87.46742179741558","37.15417246003413","39.706905845714985"
"2026-06-04T17:05:00","35.976850384840105","48.90041115418388","1867.723382340981","86.1323239948051","21.444225817925318","39.68744333448922"
"2026-06-04T17:10:00","41.42664435540721","55.55706838746794","2552.928661820819","86.22204218388504","30.65430552265889","38.97461952624153"
"2026-06-04T17:15:00","42.08396074764422","53.67967152165609","2297.6461597221123","85.65939562598028","25.03425152221186","39.59052137221001"
"2026-06-04T17:20:00","41.07392155349319","51.82631888265145","2232.664589175403","88.9045996645744","56.43971109940913","39.61193554461572"
"2026-06-04T17:25:00","47.74940526513841","56.65504015642912","2615.6033248815374","85.23861339424086","25.63090131749141","39.44196272198366"
"2026-06-04T17:30:00","49.26613041304247","50.93852979019648","2280.18007320682","81.7130769944393","64.95021937535947","39.95558438055101"
"2026-06-04T17:35:00","39.972521592970224","54.88828679469085","2246.9015623004934","86.2399191875673","30.515377819339115","39.70848527244425"
"2026-06-04T17:40:00","35.671665560178596","53.78444312867619","2430.7604629980633","86.2538678531861","9.03012166787187","39.69953387510842"
"2026-06-04T17:45:00","46.11512557981189","53.20126555431532","2190.722595119558","85.38282432784541","40.01718351662975","39.89281500682122"
"2026-06-04T17:50:00","52.86667352293219","55.48984763712356","2199.4589427005517","83.85747785308833","22.222504872030388","38.002266317898666"
"2026-06-04T17:55:00","56.13605816095008","55.95570090362495","2404.437122500714","87.63688695078565","74.46559015230791","38.7033426505686"
"2026-06-04T18:00:00","51.816853854515095","57.0115822635764","2600.9183411945246","82.41309708672442","31.510359232177173","37.42800029886137"
"2026-06-04T18:05:00","53.586394154912114","57.66021938383729","2606.7099841567638","86.21013402777787","36.33890041297701","39.11487309704737"
"2026-06-04T18:10:00","46.573731827798746","52.02265356958048","1817.5309249953345","85.73391835813739","38.6815566897515","39.350854534179334"
"2026-06-04T18:15:00","48.223839743169876","55.01837891090215","2416.260869536891","87.45932573849436","24.066500550853174","38.161398335300596"
"2026-06-04T18:20:00","53.26385331647894","60.90030218977406","2727.3639893901445","86.73477721893678","51.793505922207956","37.54468436872753"
"2026-06-04T18:25:00","49.72197909797557","58.42343831701024","2798.5594137261473","86.64883626707186","22.07769450993053","38.02921423368631"
"2026-06-04T18:30:00","43.5021288404377","54.18044274846987","2146.7289911959765","83.68017006026537","11.242462829937383","38.660866425452646"
"2026-06-04T18:35:00","37.32108416746561","50.66640822040366","1935.2396414438008","86.39051047532801","14.995729776117098","38.7721743484317"
"2026-06-04T18:40:00","33.79576879383188","48.61847734728569","1876.362775334922","85.81642816069929","35.114688797217305","39.294708771329944"
"2026-06-04T18:45:00","37.27669978253484","49.023630907484794","1611.9608244919707","84.46451627838351","45.257738450536465","38.536015505440716"
"2026-06-04T18:50:00","36.68032537551373","50.19791828134946","1865.8846510885442","85.6344053352177","30.472936982464212","39.3665960594269"
"2026-06-04T18:55:00","41.52976308011397","48.330448981312394","1540.8124385898307","83.14044052178266","52.898432931512005","38.37036807614422"
"2026-06-04T19:00:00","35.932745864787684","50.625296188619004","1868.918089443858","87.38140070624273","15.610550803462218","39.49525878289483"
"2026-06-04T19:05:00","43.74081282578542","54.9460045658713","2476.0237212722977","86.43499546148112","32.518096992427466","39.54013890541059"
"2026-06-04T19:10:00","47.38880978449449","61.26813198375629","2844.6505421902725","85.6942589233154","65.37859120787263","38.814141838219086"
"2026-06-04T19:15:00","49.950425459089125","58.05296166449688","2567.432080790538","88.52964840937175","24.45076532369251","37.869299054932156"
"2026-06-04T19:20:00","48.25689028149622","54.00585272631531","2482.2205015565683","85.479752730642","26.341485031559717","38.30486586893299"
